,ACGL,AFL,AIG,AIZ,AJG,ALL,AMP,AON,APO,ARES,AXP,BAC,BEN,BK,BLK,BRO,BX,C,CB,CBOE,CFG,CINF,CME,COF,COIN,CPAY,EG,ERIE,FDS,FIS,FISV,FITB,GL,GPN,GS,HBAN,HIG,HOOD,IBKR,ICE,IVZ,JKHY,JPM,KEY,KKR,L,MA,MCO,MET,MRSH,MS,MSCI,MTB,NDAQ,NTRS,PFG,PGR,PNC,PRU,PYPL,RF,RJF,SCHW,SPGI,STT,SYF,TFC,TROW,TRV,USB,V,WFC,WRB,WTW,XYZ
2023-04-20,,,,,,,,,,,0.03561349775724429,,,,,,0.05469856926287029,,,,,,,,,,,,,,,0.015309466985595061,,,,0.016572201573488345,,,,,,,,0.03206228184979303,,,,,,0.042608530573413746,,,,,,,,,,,,,,,,,0.034990919568444794,,,,,,0.05846794441623392,,
2023-04-26,0.03137373115058546,0.04692709586719802,,,,,,,,,,,,,,,,,,,,,0.03904775396979657,,,,,,,,,,,,,,,,,,,,,,,,,,,,,,,,,,,,,,,0.002976986910035933,,,,,,,,,,,,,
2023-05-04,,,0.030062734954124343,,,,,,,,,,,,,,,,,,,,,,0.03651865306675864,,,,,,,,,,,,,,,0.040324828360214164,,,,,,,,,,,,,,,,,,,,,,,,,,,,,,,,,,,0.03438268977834403
2023-04-18,,,,,,,,,,,,0.03593802009965132,,0.04577190366068805,,,,,,,,,,,,,,,,,,,,,0.008023171492072934,,,,0.046344374276568186,,,,,,,,,,,,,,,,,,,,,,,,,,,,,,,,,,,,
2023-04-14,,,,,,,,,,,,,,,0.010184630086561735,,,0.07548982124980652,,,,,,,,,,,,,,,,,,,,,,,,,-0.009704301234733885,,,,,,,,,,,,,,,-0.0060541372933231195,,,,,,,,,,,,,,0.05204532697289146,,,
2023-04-28,,,,,,,,0.03597418972420107,,0.05445846622309267,,,,,,,,,,,,,,,,,,,,,,,,,,,,,,,,,,,,,,,,,,,,,,,,,,,,,,,,,,,,,,,,,
2023-04-21,,,,,,,,,,,,,,,,,,,,,,,,,,,,,,,,,,,,,,,,,,,,,,,,,,,,,,,,,,,,,0.009457282068478918,,,,,,,,,,,,,,
2023-04-17,,,,,,,,,,,,,,,,,,,,,,,,,,,,,,,,,,,,,,,,,,,,,,,,,,,,,-0.0014559199633574905,,,,,,,,,,0.014493435872811614,,0.012442764099965127,,,,,,,,,,
2023-04-19,,,,,,,,,,,,,,,,,,,,,0.06990337223209722,,,,,,,,,,,,,,,,,,,,,,,,,,,,,,0.019641887748736448,,,0.051834697830471683,,,,,,,,,,,,0.03548696775995135,,,0.03190254295419018,0.02172561242948475,,,,,
2023-05-01,,,,,,,,,,,,,0.04427422813473824,,,,,,,,,,,,,,0.015345927746639815,,,,,,,0.032585894863473325,,,,,,,,,,,,0.025127321753623935,,,,,,,,,,,,,,,,,,,,,,,,,,,,,
2023-04-27,,,,,0.027554788166094208,,,,,,,,,,,,,,,,,0.03192531802990392,,0.048188341952911405,,,,0.03982858053052925,,0.03322237365194814,,,,,,,0.04705723533728254,,,,,,,,,,0.04958547773870117,,,,,,,,,0.028331753520851065,,,,,,,,0.029222786681100465,,,,,,,,,,0.03816078151564381,
2023-04-25,,,,,,,,,,,,,,,,,,,0.02300873674484628,,,,,,,,,,,,0.032871452083229585,,,,,,,,,,0.07342406077074419,,,,,,,0.045214483211578636,,,,0.06522644554337582,,,0.012427049476078797,,,,,,,,,,,,,,,,0.022126091633347052,,,,
2023-05-03,,,,,,0.04130232987905344,,,,,,,,,,,,,,,,,,,,0.027643338522581492,,,,,,,0.030331286089012397,,,,,,,,,,,,,,,,0.03052898395985487,,,,,,,,,,,,,,,,,,,,,,,,,,
2023-05-02,,,,0.04076151561491899,,,,,,,,,,,,,,,,,,,,,,,,,,,,,,,,,,,,,,0.019412244354051734,,,,,,,,,,,,,,,,,0.017555003755956335,,,,,,,,,0.041364781393098814,,,,,,,
2023-04-13,,,,,,,,,,,,,,,,,,,,,,,,,,,,,,,,,,,,,,,,,,,,,,,,,,,,,,,,,0.03902717735968738,,,,,,,,,,,,,,,,,,
2023-04-24,,,,,,,0.022811767536233134,,,,,,,,,0.05228042405264257,,,,,,,,,,,,,,,,,,,,,,,,,,,,,,,,,,,,,,,,,,,,,,,,,,,,,,,,,,,
2023-05-08,,,,,,,,,,,,,,,,,,,,,,,,,,,,,,,,,,,,,,,,,,,,,0.040109043927612886,,,,,,,,,,,,,,,0.051304346043499545,,,,,,,,,,,,,,,
2023-05-10,,,,,,,,,,,,,,,,,,,,,,,,,,,,,,,,,,,,,,0.025490850849822628,,,,,,,,,,,,,,,,,,,,,,,,,,,,,,,,,,,,,
2023-03-23,,,,,,,,,,,,,,,,,,,,,,,,,,,,,0.011693691991779538,,,,,,,,,,,,,,,,,,,,,,,,,,,,,,,,,,,,,,,,,,,,,,
2023-05-09,,,,,,,,,0.036441065868775775,,,,,,,,,,,,,,,,,,,,,,,,,,,,,,,,,,,,,,,,,,,,,,,,,,,,,,,,,,,,,,,,,,
2023-05-05,,,,,,,,,,,,,,,,,,,,0.04599127986426131,,,,,,,,,,,,,,,,,,,,,,,,,,,,,,,,,,,,,,,,,,,,,,,,,,,,,,,
2023-07-21,,,,,,,,,,,-0.010619300436742281,,,,,,,,,,,,,,,,,,,,,,,,,0.008748754019859277,,,,,,,,,,,,,,,,,,,,,,,,,-0.008178102573406943,,,,,,,,,,,,,,
2023-08-01,,0.01873051067427833,0.0073368384061974065,0.014389890023510418,,0.01645963050697577,,,,0.02890284393719451,,,,,,,,,,,,,,,,,,,,,,,,0.012453213372295935,,,,,,,,,,,,,,,,,,,,,,,,,0.008004101790627143,,,,,,,,,,,,,,,,
2023-07-18,,,,,,,,,,,,0.00834314888935125,,0.03355287831945615,,,,,,,,,,,,,,,,,,,,,,,,,0.050887216712261735,,,,,,,,,,,,-0.008661507253396598,,,,,,,-0.02628120914627757,,,,,-0.020461044398251627,,,0.00039203943783149264,,,,,,,,,
2023-07-14,,,,,,,,,,,,,,,-0.010987834556153873,,,0.05859632541503009,,,,,,,,,,,,,,,,,,,,,,,,,-0.037010373714011426,,,,,,,,,,,,,,,,,,,,,,-0.010663161870959002,,,,,,,0.01614423483669193,,,
2023-07-28,,,,,,,,0.01708965005349333,,,,,0.03586326816293599,,,,,,,,,,,,,,,,,,,,,,,,,,,,,,,,,,,,,,,,,,,,,,,,,,,,,,,-0.0031678194962137017,,,,,,,
2023-07-20,,,,,,,,,,,,,,,,,0.029281971692905365,,,,,,,0.010431383371826182,,,,,,,,-0.008120817531008951,,,,,,,,,,,,0.058510922393974305,,,,,,0.0137141129590839,,,,,,,,,,,,,,,,,0.04342039565399768,,0.01484991570379945,,,,0.018713690030259526,,
2023-07-19,,,,,,,,,,,,,,,,,,,,,0.05388148477657701,,,,,,,,,,,,,,-0.005201810037263387,,,,,,,,,,,,,,,,,,-0.010831014552742262,0.036027439411697754,-0.012641680172293678,,,,,,,,,,,,,,,0.02143079620127097,,,,,
2023-07-27,,,,,0.0019354203918548446,,,,,,,,,,,,,,,,,0.01115719031039228,,,,,,0.010737629598886128,,,,,,,,,0.017431191042811475,,,,,,,,,,0.024485995557056647,,,,,,,,,0.003466625693993509,,,,,,,,-0.006294262207074226,,,,,,,,,,0.010531707841310864,
2023-07-31,,,,,,,,,,,,,,,,,,,,,,,,,,,,,,,,,,,,,,,,,,,,,,0.004730607915749059,,,,,,,,,,,,,,,,,,,,,,,,,,,,,
2023-07-26,-0.0034872876688351634,,,,,,-0.013747256337428213,,,,,,,,,,,,,,,,0.0005454890823496627,,,,0.00042933964445602077,,,,-0.001956775646165548,,0.0037453795292644067,,,,,,,,,,,,,,,,,,,,,,,,,,,,,-0.014141396729193961,,,,,,,,,,,,,
2023-08-15,,,,,,,,,,,,,,,,,,,,,,,,,,,,,,,,,,,,,,,,,,0.00037758061765354113,,,,,,,,,,,,,,,,,,,,,,,,,,,,,,,,,
2023-07-13,,,,,,,,,,,,,,,,,,,,,,,,,,,,,,,,,,,,,,,,,,,,,,,,,,,,,,,,,0.009509470145793803,,,,,,,,,,,,,,,,,,
2023-07-24,,,,,,,,,,,,,,,,0.029954294623002416,,,,,,,,,,,,,,,,,,,,,,,,,,,,,,,,,,,,,,,,,,,,,,,,,,,,,,,,,,,
2023-08-02,,,,,,,,,,,,,,,,,,,,,,,,,,,,,,0.017985953617338603,,,,,,,,0.011225943940869919,,,,,,,,,,,0.008020405391181571,,,,,,,,,,,0.014590005830710566,,,,,,,,,,,,,,,
2023-08-03,,,,,,,,,0.00909123637526603,,,,,,,,,,,,,,,,-0.0012400463049374324,,,,,,,,,,,,,,,0.012332830583984178,,,,,,,,,,,,,,,,,,,,,,,,,,,,,,,,,,,0.003186305508084218
2023-07-25,,,,,,,,,,,,,,,,,,,-0.00043952387080245097,,,,,,,,,,,,,,,,,,,,,,0.0503857873430421,,,,,,,0.016516544862320667,,,,0.05001873223312815,,,,,,,,,,,,,,,,,,,0.008782671250610843,,,,
2023-06-22,,,,,,,,,,,,,,,,,,,,,,,,,,,,,0.0042633955977962,,,,,,,,,,,,,,,,,,,,,,,,,,,,,,,,,,,,,,,,,,,,,,
2023-08-07,,,,,,,,,,,,,,,,,,,,,,,,,,,,,,,,,,,,,,,,,,,,,0.014460584784005394,,,,,,,,,,,,,,,,,,,,,,,,,,,,,,
2023-08-04,,,,,,,,,,,,,,,,,,,,0.00934794419230485,,,,,,,,,,,,,,,,,,,,,,,,,,,,,,,,,,,,,,,,,,,,,,,,,,,,,,,
2023-08-08,,,,,,,,,,,,,,,,,,,,,,,,,,-0.004631272173820853,,,,,,,,,,,,,,,,,,,,,,,,,,,,,,,,,,,,,,,,,,,,,,,,,
2023-10-20,,,,,,,,,,,-0.010467916368896662,,,,,,,,,,,,,,,,,,,,,,,,,-0.0013324663786458443,,,,,,,,,,,,,,,,,,,,,,,,,-0.010315622034287573,,,,,,,,,,,,,,
2023-11-01,,-0.0009898292244281683,-0.014812771829210716,,,0.02018369621227399,,,0.0027855561189809273,,,,,,,,,,,,,,,,,,,,,,,,,,,,,,,,,,,,,,,,0.013408281744146221,,,,,,,,,,0.0014106070961667158,0.017284215613006047,,,,,,,,,,,,,,,
2023-10-17,,,,,,,,,,,,0.020543308384892104,,-0.004118315496505368,,,,,,,,,,,,,,,,,,,,,-0.011868943901286379,,,,0.030735139414045865,,,,,,,,,,,,,,,,,,,,,,,,,,,,,,,,,,,,
2023-10-13,,,,,,,,,,,,,,,-0.015461181608413532,,,0.054054324034147276,,,,,,,,,,,,,,,,,,,,,,,,,-0.029916556308519898,,,,,,,,,,,,,,0.012456119181348212,-0.023101716578547156,,,,,,,,,,,,,,-0.006784760718855374,,,
2023-10-27,,,,,,,,0.04091172411257792,,,,,,,,,,,,,,,,,,,,,,,,,,,,,,,,,,,,,,,,,,,,,,,,,,,,,,,,,,,,-0.00011772111780907405,,,,,,,
2023-10-19,,,,,,,,,,,,,,,,,0.013079675141082225,,,,,,,,,,,,,,,-0.010433789393203765,,,,,,,,,,,,0.03849527101892333,,,,,,0.007699276431884064,,,,,,,,,,,,,,,,,0.06785580945715954,,,,,,,,
2023-10-18,,,,,,,,,,,,,,,,,,,,,0.06746783324449435,,,,,,,,,,,,,,,,,,,,,,,,,,,,,,-0.011146953602944654,,-0.003640589316974627,0.0430944994580295,-0.021057283272998578,,,,,,,,,,-0.002387393484264969,,,,0.007909301230316699,0.011390109920263913,,,,,
2023-10-31,,,,0.006544121214955835,,,,,,0.025674830855469795,,,0.02593614753860303,,,,,,,,,,,,,,,,,,,,,-0.004753318440471002,,,,,,,,,,,,,,,,,,0.04150710125974923,,,,,,,,,,,,,,,,,,,,,,,
2023-10-26,,,,,-0.0037246758897376098,,,,,,,,,,,,,,,,,0.003438196873977577,,0.02280624971835764,,,,0.004628562007481392,,,,,,,,,0.006088447569000775,,,,,,,,,,0.0059107886691230375,,,,,,,,,-0.017936852564076414,,,,,,,,,,,,,,,,,,0.0052785425593964005,
2023-10-30,-0.006426151618686183,,,,,,,,,,,,,,,,,,,,,,,,,,,,,,,,,,,,,,,,,,,,,-0.003631041955390466,,,,,,,,,,,,,,,,,,,,,,,,,,,,,
2023-11-02,,,,,,,,,,,,,,,,,,,,,,,,,0.004577975277722932,,,,,,,,,,,,,,,-0.00041305324922516625,,,,,,,,,,,,,,,,,,,,,,,,-0.016022743779751616,,,,,,,,,,,0.015655262493732204
2023-10-25,,,,,,,-0.012622311067849112,,,,,,,,,,,,,,,,-0.010497544976535,,,,-0.0006514923199231946,,,,,,0.003509914260368255,,,,,,,,,,,,,,,0.013066444734599513,,,,,,,,,,,,,,-0.012182108489196155,,,,,,,,,,,,,
2023-11-07,,,,,,,,,,,,,,,,,,,,,,,,,,,,,,0.01356167844640549,,,,,,,,0.02396503210452082,,,,0.007983486992820631,,,0.001644670845494929,,,,,,,,,,,,,,,,,,,,,,,,,,,,,,
2023-10-24,,,,,,,,,,,,,,,,,,,-0.006669091446771813,,,,,,,,,,,,-0.0008168617543499603,,,,,,,,,,0.05196469760499693,,,,,,,,,,,,,,,,,,,,,,,,,0.00784832367838112,,,,,0.0040996499308215,,,,
2023-10-16,,,,,,,,,,,,,,,,,,,,,,,,,,,,,,,,,,,,,,,,,,,,,,,,,,,,,,,,,,,,,,,-0.006125787907335516,,,,,,,,,,,,
2023-10-23,,,,,,,,,,,,,,,,0.021377807076364216,,,,,,,,,,,,,,,,,,,,,,,,,,,,,,,,,,,,,,,,,,,,,,,,,,,,,,,,,0.008028810754058377,,
2023-09-21,,,,,,,,,,,,,,,,,,,,,,,,,,,,,0.005507376234851344,,,,,,,,,,,,,,,,,,,,,,,,,,,,,,,,,,,,,,,,,,,,,,
2023-11-03,,,,,,,,,,,,,,,,,,,,0.016120033881093503,,,,,,,,,,,,,,,,,,,,,,,,,,,,,,,,,,,,,,,,,,,,,,,,,,,,,,,
2023-11-08,,,,,,,,,,,,,,,,,,,,,,,,,,-0.018996797623786102,,,,,,,,,,,,,,,,,,,,,,,,,,,,,,,,,,,,,,,,,,,,,,,,,
2024-01-26,,,,,,,,,,,0.007728239233620236,,,,,,,,,,,,,,,,,,,,,,,,,,,,,,,,,,,,,,,,,,,,,,,,,,,,,,,,,,,,,,,,
2024-01-31,,0.022572550307669713,,,,,,,,,,,,,,,,,,,,,,,,,,,,,,,,,,,,,,,,,,,,,0.018905062794570538,,0.02462354192392292,,,,,0.020981272397968435,,,,,,,,,,,,,,,,,,,,,
2024-02-13,,,0.006705612875315035,,,,,,,,,,,,,,,,,,,,,,,,,,,,,,,,,,,0.010656389023556123,,,,,,,,,,0.01354677707002072,,,,,,,,,,,,,,,,,,,,,,,,,,,
2024-01-12,,,,,,,,,,,,0.01656930473532975,,0.012069702731239484,-0.0031627459288265268,,,0.05220687329588221,,,,,,,,,,,,,,,,,,,,,,,,,-0.031228118603703874,,,,,,,,,,,,,,,,,,,,,,,,,,,,,-0.012377077200450014,,,
2024-02-02,,,,,,,,0.04696757920004563,,,,,,,,,,,,0.0038696821468424984,,,,,,,,,,,,,,,,,,,,,,,,,,,,,,,,,,,,,,,,,,,,,,,,,,,,,,,
2024-01-19,,,,,,,,,,,,,,,,,,,,,,,,,,,,,,,,-0.02783318117380207,,,,0.003319091996173508,,,,,,,,,,,,,,,,,,,,,,,,,-0.016608183237031695,,,,0.005873168565022084,,,,0.008315388787985866,,,,,,
2024-01-18,,,,,,,,,,,,,,,,,,,,,,,,,,,,,,,,,,,,,,,,,,,,0.02876753082027238,,,,,,,,,-0.017114309323156194,,-0.0033690766440741854,,,,,,,,,,,,0.02784435591388218,,,,,,,,
2024-01-17,,,,,,,,,,,,,,,,,,,,,0.06317935748153164,,,,,,,,,,,,,,,,,,,,,,,,,,,,,,,,,,,,,,,,,,0.008097406618102094,,,,,,,-0.001325091871685159,,,,,
2024-01-29,,,,,,,,,,,,,0.028665680409062873,,,,,,,,,,,,,,,,,,,,,,,,,,,,,,,,,,,,,,,,,,,,,,,,,,,,,,,,,,,,,,
2024-01-25,,,,,0.00115045195372156,,,,,,,,,,,,0.010683138339659186,,,,,,,0.0016319078797821418,,,,,,,,,,,,,,,,,,,,,,,,,,0.006780661123666851,,,,,,,,,,,,,,,,,,,,,0.008273937257436498,,,,
2024-02-05,,,,,,,,,,,,,,,,,,,,,,,,,,,,,,,,,,,,,,,,,,,,,,0.015295121387925494,,,,,,,,,,,,,,,,,,,,,,,,,,,,,
2024-02-08,,,,,,,,,0.023131092434359662,0.026778804034136693,,,,,,,,,,,,,,,,,,,,,,,,,,,,,,0.002821232631759748,,,,,,,,,,,,,,,,,,,,,,,,-0.011571298058401762,,,,0.004940098687649688,,,,,,,
2024-01-16,,,,,,,,,,,,,,,,,,,,,,,,,,,,,,,,,,,0.00251594740976814,,,,0.05932189549431567,,,,,,,,,,,,0.005750154249097781,,,,,,,-0.020630128392469475,,,,,,,,,,,,,,,,,
2024-01-24,,,,,,,0.007252357327547983,,,,,,,,,,,,,,,,,,,,,,,,,,,,,,,,,,,,,,,,,,,,,,,,,,0.011376564929571181,,,,,0.012484299228491496,,,,,,,,,,,0.03306691413447695,,
2024-02-07,,,,,,0.024643663055048906,,,,,,,,,,,,,,,,,,,,-0.004122169655227406,0.006996639113186776,,,,,,0.014200266281462402,,,,,,,,,,,,,,,,,,,,,,,,,,,0.012728135699605656,,,,,,,,,,,,,,,
2024-02-06,,,,0.009426660568712249,,,,,,,,,,,,,,,,,,0.002848169409259927,,,,,,,,,-0.010770528281089582,,,,,,,,,,,0.000987204400875913,,,0.009608464155635486,,,,,,,,,,,,,,0.009742968488881919,,,,,,,,,,,,,,,0.008239105567402318,
2024-01-22,,,,,,,,,,,,,,,,0.013462581220112988,,,,,,,,,,,,,,,,,,,,,,,,,,,,,,,,,,,,,,,,,,,,,,,,,,,,,,,,,,,
2024-01-23,,,,,,,,,,,,,,,,,,,,,,,,,,,,,,,,,,,,,,,,,0.050614987374593065,,,,,,,,,,,,,,,,,,,,,,,,,0.011418477324085914,,,,,,,,,
2024-02-22,,,,,,,,,,,,,,,,,,,,,,,,,,,,,,,,,,,,,,,,,,,,,,,,,,,,,,,,,,,,,,,,,,,,,,,,,,,0.004509533910138385
2024-01-30,,,,,,,,,,,,,,,,,,,0.0039565035501120845,,,,,,,,,,,,,,,,,,,,,,,,,,,,,,,,,0.043429055094043274,,,,,,,,,,,,,,,,,,,,,,,
2024-02-15,,,,,,,,,,,,,,,,,,,,,,,,,-0.0069042688658044575,,,,,,,,,,,,,,,,,,,,,,,,,,,,,,,,,,,,,,,,,,,,,,,,,,
2024-02-14,-0.0021945515700868873,,,,,,,,,,,,,,,,,,,,,,-0.008576353329458218,,,,,,,,,,,0.00445895958248775,,,,,,,,,,,,,,,,,,,,,,,,,,,,,,,,,,,,,,,,,
2024-02-26,,,,,,,,,,,,,,,,,,,,,,,,,,,,0.005180007700932839,,0.02512397260854699,,,,,,,,,,,,,,,,,,,,,,,,,,,,,,,,,,,,,,,,,,,,,
2024-02-01,,,,,,,,,,,,,,,,,,,,,,,,,,,,,,,,,,,,,0.014064384337482382,,,,,,,,,,,,,,,,,,,,,,,,,,,,,,,,,,,,,,
2023-12-19,,,,,,,,,,,,,,,,,,,,,,,,,,,,,0.010210155520427797,,,,,,,,,,,,,,,,,,,,,,,,,,,,,,,,,,,,,,,,,,,,,,
2024-02-12,,,,,,,,,,,,,,,,,,,,,,,,,,,,,,,,,,,,,,,,,,,,,,,,,,,,,,,,0.004843284090147627,,,,,,,,,,,,,,,,,,,
2024-04-19,,,,,,,,,,,-0.001971014919524585,,,,,,,,,,,,,,,,,,,,,-0.030565450373653213,,,,0.003323368059270841,,,,,,,,,,,,,,,,,,,,,,,,,-0.02260326676382188,,,,,,,,,,,,,,
2024-05-01,,0.015470196797079797,-0.005070464890605295,,,0.017016866951767094,,,,,,,,,,,,,,,,,,,,,,,,,,,,5.354790095638477e-05,,,,,,,,,,,0.01769624251022869,,0.02741187039486247,,0.017308158923174787,,,,,,,,,,,,,,,,,,,,,,,,,,
2024-04-16,,,,,,,,,,,,0.002981849960956813,,-0.0011411158260828547,,,,,,,,,,,,,,,,,,,,,,,,,0.02697718764564509,,,,,,,,,,,,-0.004717724381494489,,,,-0.007255589101758308,,,-0.023630279247736065,,,,,,,,,,,,,,,,,
2024-04-12,,,,,,,,,,,,,,,-0.006442821652789383,,,0.05854248791760639,,,,,,,,,,,,,,,,,,,,,,,,,-0.038114867860950946,,,,,,,,,,,,,,0.018918315349084756,,,,,,,,0.00881958374652257,,,,,,,-0.030970104231026085,,,
2024-04-26,,,,,,,,0.048648748862006666,,,,,,,,,,,,,,,,,,,,,,,,,,,,,,,,,,,,,,,,,,,,,,,,,,,,,,,,,,,,-0.0046539185374926935,,,,,,,
2024-04-15,,,,,,,,,,,,,,,,,,,,,,,,,,,,,,,,,,,-0.009342944098264885,,,,,,,,,,,,,,,,,,-0.009375978137995372,,,,,,,,,,-0.012324375610830525,,,,,,,,,,,,
2024-04-17,,,,,,,,,,,,,,,,,,,,,0.055142760498055915,,,,,,,,,,,,,,,,,,,,,,,,,,,,,,,,,,,,,,,,,,,,,,,,0.013161260269254545,-0.009654159026774089,,,,,
2024-04-29,0.010475479750250254,,,,,,,,,,,,0.029382570297854974,,,,,,,,,,,,,,0.006777790934286343,,,,,,,,,,,,,,,,,,,,,,,,,,,,,,,,,,,,,,,,,,,,,,,,
2024-04-25,,,,,0.01082608187487434,,,,,,,,,,,,,,,,,0.008832975001182946,,4.090918171914704e-05,,,,0.0090533706311872,,,,,,,,,0.01570046904662424,,,,,,,,,,,,,,,,,0.01664485656164724,,-0.0018959865971013394,,,,,,,,-0.009397448514433119,,,,,,,,,,0.017419449717253076,
2024-05-06,,,,,,,,,,,,,,,,,,,,,,,,,,,,,,0.02026414492561537,,,,,,,,,,,,,,,,0.008950515400320118,,,,,,,,,,,,,,,,,,,,,,,,,,,,,
2024-04-18,,,,,,,,,,,,,,,,,0.018843347536360546,,,,,,,,,,,,,,,,,,,,,,,,,,,0.007981609096631532,,,,,,0.023500734294984036,,,,,,,,,,,,,,,,,,,,,,,,,
2024-04-24,,,,,,,,,,,,,,,,,,,,,,,-0.004908264783757421,,,,,,,,,,,,,,,,,,,,,,,,,,,,,,,,,,,,,,,-0.0010324579716633937,,,,-0.006919935620922204,,,,,,,,,
2024-04-22,,,,,,,0.003862150040767552,,,,,,,,,0.01139857190464196,,,,,,,,,,,,,,,,,0.009380720251997453,,,,,,,,,,,,,,,,,,,,,,,,,,,,,,,,,,0.01576901245382657,,,,,,,,
2024-05-07,,,,0.016176003407803365,,,,,,,,,,,,,,,,,,,,,,,,,,,,,,,,,,,,,,-0.002289463959900711,,,,,,,,,,,,,,,,,,,,,,,,,,,,,,,,,
2024-04-23,,,,,,,,,,,,,,,,,,,0.008980535387840924,,,,,,,,,,,,0.0023362830666980713,,,,,,,,,,0.053274049005398325,,,,,,,,,,,0.048785555960910776,,,,,,,,,,,,,,,,,,,0.011726828779561193,,0.020704087404730773,,
2024-05-02,,,,,,,,,0.010355075847582012,0.012283953475122466,,,,,,,,,,,,,,,-0.005613489745549766,,,,,,,,,,,,,,,0.004616764866642251,,,,,,,,0.02180466285441206,,,,,,,,,,,,,,,,,,,,,,,,,,,0.009288529228761628
2024-04-30,,,,,,,,,,,,,,,,,,,,,,,,,,,,,,,,,,,,,,,,,,,,,,,,,,,,,,,,,,,0.0018189188597594315,0.019237021944052864,,,,,,,,,,,,,,,
2024-05-08,,,,,,,,,,,,,,,,,,,,,,,,,,0.009017605658960294,,,,,,,,,,,,0.022251438366838683,,,,,,,,,,,,,,,,,,,,,,,,,,,,,,,,,,,,,
2024-03-21,,,,,,,,,,,,,,,,,,,,,,,,,,,,,0.008004638811986122,,,,,,,,,,,,,,,,,,,,,,,,,,,,,,,,,,,,,,,,,,,,,,
2024-05-03,,,,,,,,,,,,,,,,,,,,0.011760436575599614,,,,,,,,,,,,,,,,,,,,,,,,,,,,,,,,,,,,,,,,,,,,,,,,,,,,,,,
2024-07-19,,,,,,,,,,,0.000378822217747042,,,,,,,,,,,,,,,,,,,,,-0.030201408621476106,,,,0.017453525888044198,,,,,,,,,,,,,,,,,,,,,,,,,-0.011579914518723209,,,,,,,,0.011534703732697113,,,,,,
2024-07-31,,0.013702791039719357,0.012258490655859697,,,0.012572483121404918,,,,,,,,,,,,,,,,,,,,,0.010343579823315976,,,,,,,,,,,,,,,,,,0.012508104928893558,,0.01994795739149629,,0.008011062665209836,,,,,,,,,,,,,,,,,,,,,,,,,,
2024-07-12,,,,,,,,,,,,,,0.00849499504354377,,,,0.0440617579680784,,,,,,,,,,,,,,,,,,,,,,,,,-0.03729643969465326,,,,,,,,,,,,,,,,,,,,,,,,,,,,,-0.016101731521363155,,,
2024-07-26,,,,,,,,0.011989476711595427,,,,,0.04145465898128488,,,,,,,,,,,,,,,,,,,,,,,,,,,,,,,,,,,,,,,,,,,,,,,,,,,,,,,0.005868845796378181,,,,,,,
2024-07-18,,,,,,,,,,,,,,,,,0.015568593346674852,,,,,,,,,,,,,,,,,,,,,,,,,,,0.018997717079250537,,,,,,0.013802201962217497,,,-0.009516739192026185,,,,,,,,,,,,,,,,,,,,,,
2024-07-17,,,,,,,,,,,,,,,,,,,,,0.04897316476095895,,,,,,,,,,,,,,,,,,,,,,,,,,,,,,,,,,-0.03836721510875343,,,,,,,,,,,0.005653471661216309,,,,0.011025124296983362,,,,,
2024-07-25,,,,,1.3644424772509754e-05,,,,,,,,,,,,,,,,,0.002767305930297703,,,,,,0.013476066378463152,,,,,,,,,0.0145615932026816,,,,,,,,,,,,,,,,,0.021293091053904357,,0.0006536570260814985,,,,,,,,,,,,,,,,,,0.01566322250055366,
2024-07-29,,,,,,,,,,,,,,,,,,,,,,,,,,,,,,,,,,,,,,,,,,,,,,-0.007654491501629892,,,,,,,,,,,,,,,,,,,,,,,,,,,,,
2024-07-30,0.004846831218064222,,,,,,,,,,,,,,,,,,,,,,,,,,,,,,,,,,,,,,,,,,,,,,,,,,,,,,,,,,,0.020130504982130572,,,,-0.007994241244093587,,,,,,,,,,,
2024-07-16,,,,,,,,,,,,0.014740209747445093,,,,,,,,,,,,,,,,,,,,,,,,,,,0.02676226897114942,,,,,,,,,,,,0.0013521630154662639,,,,,,0.002931098986997294,-0.020694081182250308,,,,,-0.011178200185768296,,0.0011901437043625354,,,,,,,,,,
2024-07-24,,,,,,,0.008133324925317072,,,,,,,,,,,,,,,,-0.0019467725815249925,,,,,,,,0.006449950130826253,,0.012351838752157956,,,,,,,,,,,,,,,,,,,,,,,,,,,,,0.0006647269776882631,,,,,,,,,,,,,
2024-08-20,,,,,,,,,,,,,,,,,,,,,,,,,,,,,,,,,,,,,,,,,,-0.005942677551336821,,,,,,,,,,,,,,,,,,,,,,,,,,,,,,,,,
2024-07-22,,,,,,,,,,,,,,,,0.001656469198812704,,,,,,,,,,,,,,,,,,,,,,,,,,,,,,,,,,,,,,,,,,,,,,,,,,,0.020972513728024365,,,,,,0.0222633704905936,,
2024-08-02,,,,,,,,,,0.015848733900127723,,,,,,,,,,0.0180463505839941,,,,,,,,,,,,,,,,,,,,,,,,,,,,,,,,,,,,,,,,,,,,,,,,,,,,,,,
2024-08-01,,,,,,,,,0.011839071936326375,,,,,,,,,,,,,,,,-0.010989788195234867,,,,,,,,,,,,,,,0.008124460343889564,,,,,,,,,,,,,,,,,,,-0.014050576199561507,,,,,,,,,,,,,,,,0.018959052386581087
2024-07-23,,,,,,,,,,,,,,,,,,,0.007941956181475078,,,,,0.006737271860578176,,,,,,,,,,,,,,,,,0.04822718633238165,,,,,,,0.013712739155348017,,,,0.04229856992965345,,,,,,,,,,,,,,,,,,,0.010984949573299192,,,,
2024-08-07,,,,,,,,,,,,,,,,,,,,,,,,,,0.007202338725969853,,,,,,,,0.011301032828715491,,,,0.02349365310256989,,,,,,,,,,,,,,,,,,,,,,,,,,,,,,,,,,,,,
2024-06-21,,,,,,,,,,,,,,,,,,,,,,,,,,,,,0.007354929546168441,,,,,,,,,,,,,,,,,,,,,,,,,,,,,,,,,,,,,,,,,,,,,,
2024-07-15,,,,,,,,,,,,,,,-0.0035646169368384046,,,,,,,,,,,,,,,,,,,,-0.0038052432726315296,,,,,,,,,,,,,,,,,,,,,,,,,,,,,,,,,,,,,,,,
2024-08-06,,,,0.008835984585845622,,,,,,,,,,,,,,,,,,,,,,,,,,0.018472808218768257,,,,,,,,,,,,,,,,,,,,,,,,,,,,,,,,,,,,,,,,,,,,,
2024-10-18,,,,,,,,,,,-0.0036649943425966776,,,,,,,,,,,,,,,,,,,,,-0.036521887312761306,,,,,,,,,,,,,,,,,,,,,,,,,,,,,-0.031861917085500506,,,,,,,,,,,,,,
2024-10-30,0.0059981765520678845,0.017597328976527472,,,,0.005758333276765245,,,,,,,,,,,,,,,,,,,-0.0034181826455123663,,0.008584928986614069,,,,,,,0.00324073086656361,,,,0.0007049017909710889,,,,,,,,,,,0.00981740178165869,,,,,,,,,,-0.01188718000539661,,,,,,,,,,,,,,,,
2024-11-04,,,0.02142152365781111,,,,,,,,,,0.049623774903936775,,,,,,,,,,,,,,,,,0.011154030329129393,,,,,,,,,,,,,,,,-0.0016080667913789374,,,,,,,,,,,,,,,,,,,,,,,,,,,,,
2024-10-11,,,,,,,,,,,,,,-0.04031441062464062,-0.00800306857727299,,,,,,,,,,,,,,,,,,,,,,,,,,,,-0.033247867581065155,,,,,,,,,,,,,,,,,,,,,,,,,,,,,-0.03328224351316406,,,
2024-10-25,,,,,,,,0.007776531424373681,,,,,,,,,,,,,,,,,,,,,,,,,,,,,,,,,,,,,,,,,,,,,,,,,,,,,,,,,,,,,,,,,,,
2024-10-15,,,,,,,,,,,,-0.010716267018494194,,,,,,0.043841176866746906,,,,,,,,,,,,,,,,,-0.0031862621125381416,,,,0.00760715410966973,,,,,,,,,,,,,,,,,,0.008379060871540571,-0.03896652792370203,,,,,-0.0131592938796707,,-0.014419372812301564,,,,,,,,,,
2024-10-17,,,,,,,,,,,,,,,,,0.01655626589277449,,,,,,,,,,,,,,,,,,,-0.006254447039888408,,,,,,,,0.010166124350711297,,,,,,0.006980501844471822,,,-0.013831618434836535,,,,,,,,,,,,,,0.021961726572208577,,0.006476316936801802,,,,,,
2024-10-16,,,,,,,,,,,,,,,,,,,,,0.04268093288549751,,,,,,,,,,,,,,,,,,,,,,,,,,,,,,-0.009714340640988061,,,,,,,,,,,,,,,-0.012940680116568093,,,,-0.0236396545058857,,,,,
2024-10-24,,,,,-0.002719538726342847,,,,,,,,,,,,,,,,,0.002095482224367554,,-0.003414536699546483,,,,,,,,,,,,,0.010897212855173992,,,,,,,,0.016166599723045596,,,,,,,,,0.007963706402095776,,0.008922794312114266,,,,,,,,-0.011829896189086678,,,,,,,,,,,
2024-10-23,,,,,,,0.008332666409438232,,,,,,,,,,,,,,,,-0.0009195943078565035,,,,,,,,,,0.011261599398679389,,,,,,,,,,,,,,,,,,,,,,-0.03390402275398221,,,,,,,-0.0010107554731426877,,,,,,,,,,,,,
2024-11-05,,,,0.008133114329311615,,,,,0.008058106109753755,,,,,,,,,,,,,,,,,,,,,,,,,,,,,,,,,-0.0025853888699399713,,,,,,,,,,,,,,,,,,,,,,,,,,,,,,,,,
2024-11-01,,,,,,,,,,0.024369322453435753,,,,,,,,,,0.005523775795518889,,,,,,,,,,,,,,,,,,,,,,,,,,,,,,,,,,,,,,,,,,,,,,,,0.009228753402462568,,,,,,,
2024-10-22,,,,,,,,,,,,,,,,,,,,,,,,,,,,,,,-0.006879090589418007,,,,,,,,,,0.04420399624268723,,,,,,,0.007149468314672235,,,,,,,,,,,,,,,,,,,,,,,,,,,
2024-10-21,,,,,,,,,,,,,,,,,,,,,,,,,,,,,,,,,,,,,,,,,,,,,,,,,,,,,,,,,,,,,,,,,,,,,,,,,0.026623843721431624,,
2024-10-28,,,,,,,,,,,,,,,,0.0029659066460252952,,,,,,,,,,,,,,,,,,,,,,,,,,,,,,,,,,,,,,,,,,,,,,,,,,,,,,,,,,,
2024-10-29,,,,,,,,,,,,,,,,,,,0.009268378003971971,,,,,,,,,,,,,,,,,,,,,,,,,,,,,,,,,0.04010749224937685,,,,,,,,0.011819667412145763,,,,,,,,,,,0.006161993614913283,,,,
2024-11-07,,,,,,,,,,,,,,,,,,,,,,,,,,-0.0016011591576228722,,,,,,,,,,,,,,,,,,,,,,,,,,,,,,,,,,,,,,,,,,,,,,,,,0.005758568332795504
2024-10-31,,,,,,,,,,,,,,,,,,,,,,,,,,,,0.00346364925572499,,,,,,,,,,,,0.0056979144103970186,,,,,,,0.014945494487989174,,,,,,,,,,,,,,,,,,,,,,,,,,,0.022779758148844156,
2024-09-19,,,,,,,,,,,,,,,,,,,,,,,,,,,,,0.006909132091485349,,,,,,,,,,,,,,,,,,,,,,,,,,,,,,,,,,,,,,,,,,,,,,
2025-01-24,,,,,,,,,,,0.004282935994488951,,,,,,,,,,,,,,,,,,,,,,,,,,,,,,,,,,,,,,,,,,,,,,,,,,,,,,,,,,,,,,,,
2025-02-05,,0.019551830337653432,,,,0.011715632418406596,,,,0.0195391627689778,,,,,,,,,,,,,,,,0.007250883570803568,,,,,-0.005865909670190361,,0.006196409389232427,,,,,,,,,,,,,,,,0.021868292979154005,,,,,,,,,,,,,,,,,,,0.00733481089190274,,,,,,,
2025-02-11,,,0.02564916898096992,0.016282323432785694,,,,,,,,,,,,,,,,,,,,,,,,,,0.023276761817261588,,,,,,,,,,,,,,,,,,,,,,,,,,,,,,,,,,-0.001948071965004548,,,,,,,,,,,
2025-01-15,,,,,,,,,,,,,,-0.02419282033566217,0.0004983450045318279,,,0.05196947394643421,,,,,,,,,,,,,,,,,0.0034047486870263178,,,,,,,,-0.013305254011984189,,,,,,,,,,,,,,,,,,,,,,,,,,,,,-0.02030171247673865,,,
2025-01-31,,,,,,,,0.016556583817377873,,,,,0.05205835561936178,,,,,,,,,,,,,,,,,,,,,,,,,,,,,,,,,,,,,,,,,,,,,,,,,,,,,,,,,,,,,,
2025-01-21,,,,,,,,,,,,,,,,,,,,,,,,0.007618048231390768,,,,,,,,-0.015817797795831808,,,,,,,0.007645321760633655,,,,,0.034160170048174,,,,,,,,,,,,,,,,,,,-0.006427506817207509,,,,,,,,,,,,
2025-01-17,,,,,,,,,,,,,,,,,,,,,0.04062462402560021,,,,,,,,,,,,,,,-0.005738147926167373,,,,,,,,,,,,,,,,,,,,,,,,,-0.019021036065654754,,,,0.003096062329371551,,0.027618943002395757,,,,,,,,
2025-01-16,,,,,,,,,,,,0.004402268601812212,,,,,,,,,,,,,,,,,,,,,,,,,,,,,,,,,,,,,,,-0.0005287541180653243,,-0.012271485259280767,,,,,-0.01975092933274345,,,,,,,,,,,,-0.015243779976633332,,,,,
2025-01-30,,,,,0.00316291254542239,,,,,,,,,,,,0.010244953816877695,,,,,,,,,,,,,,,,,,,,0.016434316284745405,,,,,,,,,,0.01918320792038265,,,0.020125557444175587,,,,,,,,,,,,,,,,,,,,,0.009244015302265937,,,,
2025-02-10,0.016515257492260287,,,,,,,,,,,,,,,,,,,,,0.001395295283876993,,,,,,,,,,,,,,,,,,,,,,,,0.024519619651779387,,,,,,,,,,,,,,,,,,,,,,,,,,,,,
2025-01-23,,,,,,,,,,,,,,,,,,,,,,,,,,,,,,,,,,,,,,,,,,,,,,,,,,,,,,,-0.011000206384489248,,,,,,,,,,,,,,,,,,,,
2025-01-29,,,,,,,0.011899529181235666,,,,,,,,,,,,,,,,,,,,,,,,,,,,,,,,,,,,,,,,,,,,,0.04323748885508452,,0.011948296267261096,,,0.004043594561922943,,,,,0.007865658046711035,,,,,,,,,,,,,
2025-02-04,,,,,,,,,0.005341304602618947,,,,,,,,,,,,,,,,,,,,,,,,,,,,,,,,,0.0006076728913069037,,,0.015512781052028725,,,,,,,,,,,,,,0.018382162695843408,0.015073874569632537,,,,,,,,,,,,,,0.021479840081536406,
2025-01-27,,,,,,,,,,,,,,,,0.005204603698496465,,,,,,,,,,,,,,,,,,,,,,,,,,,,,,,,,,,,,,,,,,,,,,,,,,,,,,,,,0.028838176186998958,,
2025-01-28,,,,,,,,,,,,,,,,,,,0.006889473829739129,,,,,,,,,,,,,,,,,,,,,,0.047818023486026394,,,,,,,,,,,,,,,,,,,,,,,,,0.001507742473381849,,,,,,,,,
2025-02-20,,,,,,,,,,,,,,,,,,,,,,,,,,,,,,,,,,,,,,,,,,,,,,,,,,,,,,,,,,,,,,,,,,,,,,,,,,,0.01911933964117988
2025-02-13,,,,,,,,,,,,,,,,,,,,,,,,,0.0007831963595203173,,,,,,,,,0.009036188258735433,,,,,,,,,,,,,,0.020112237391844538,,,,,,,,,,,,,,,,,,,,,,,,,,,
2025-02-12,,,,,,,,,,,,,,,,,,,,,,,0.002931708947806133,,,,,,,,,,,,,,,0.010459211374966158,,,,,,,,,,,,,,,,,,,,,,,,,,,,,,,,,,,,,
2025-02-27,,,,,,,,,,,,,,,,,,,,,,,,,,,,0.011451746784684051,,,,,,,,,,,,,,,,,,,,,,,,,,,,,,,,,,,,,,,,,,,,,,,
2025-02-03,,,,,,,,,,,,,,,,,,,,,,,,,,,0.022650481584291636,,,,,,,,,,,,,,,,,,,,,,,,,,,,,,,,,,,,,,,,,,,,,,,,
2025-01-22,,,,,,,,,,,,,,,,,,,,,,,,,,,,,,,,,,,,,,,,,,,,,,,,,,,,,,,,,,,,,,,,,,,,,0.013324866713879344,,,,,,
2024-12-19,,,,,,,,,,,,,,,,,,,,,,,,,,,,,0.00958458846027158,,,,,,,,,,,,,,,,,,,,,,,,,,,,,,,,,,,,,,,,,,,,,,
2025-02-06,,,,,,,,,,,,,,,,,,,,,,,,,,,,,,,,,,,,,,,,0.011851857861447417,,,,,,,,,,,,,,,,0.00658925418497886,,,,,,,,,,,,,,,,,,,
2025-02-07,,,,,,,,,,,,,,,,,,,,0.013224216795971223,,,,,,,,,,,,,,,,,,,,,,,,,,,,,,,,,,,,,,,,,,,,,,,,,,,,,,,
2025-04-17,,,,,,,,,,,0.01635442437022693,,,,,,0.019966600089456433,,,,,,,,,,,,,,,-1.636657856842576e-05,,,,0.012630770564884302,,,,,,,,0.04956690458179863,,,,,,0.026338148539153384,,,,,,,,,,,-0.0035401040102985204,,0.014545478710912734,,0.01980951511138878,,0.03623098556652144,,,,,,,,
2025-04-30,,0.027500326834462744,,,,0.030152248426119216,,,,,,,,,,,,,,,,,,,,,0.038531637638561815,,,,,,0.017025721825732993,,,,,0.021162863541070855,,,,,,,,,,,0.036456446962808135,,,,,,,,,,0.028512225362715814,,,,,,,,,,,,,,,,
2025-05-01,,,0.028278497063248413,,0.008513004153534877,,,,,,,,,,,,,,,,,,,,,,,,,,,,,,,,,,,0.01641773493836002,,,,,0.031223033760106312,,0.024569508204452948,,,,,,,,,,,,,,,,,,,,,,,,,,,,0.02001381561653472
2025-04-11,,,,,,,,,,,,,,-0.005264360030874683,0.010464349121438274,,,,,,,,,,,,,,,,,,,,,,,,,,,,-0.0013432111983089938,,,,,,,,0.012991232840761846,,,,,,,,,,,,,,,,,,,,,-0.004489442930603132,,,
2025-04-25,,,,,,,,0.025663199437322207,,,,,,,,,,,,,,,,,,,,,,,,,,,,,,,,,,,,,,,,,,,,,,,,,,,,,,,,,,,,,,,,,,,
2025-04-15,,,,,,,,,,,,0.0205111778459082,,,,,,0.05878652467145971,,,,,,,,,,,,,,,,,,,,,0.022705131450784562,,,,,,,,,,,,,,,,,,,-0.0029715428430406097,,,,,,,,,,,,,,,,,
2025-04-14,,,,,,,,,,,,,,,,,,,,,,,,,,,,,,,,,,,0.013721266982128668,,,,,,,,,,,,,,,,,,0.0071403467816631375,,,,,,,,,,,,,,,,,,,,,,
2025-04-16,,,,,,,,,,,,,,,,,,,,,0.05529936821609604,,,,,,,,,,,,,,,,,,,,,,,,,,,,,,,,,,,,0.022565798427501102,,,,,,,,,,,,0.027322331134969634,0.00779178986933292,,,,,
2025-05-02,,,,,,,,,0.028779957415819738,,,,0.05444419905883147,,,,,,,0.0073739028577959696,,,,,,,,,,,,,,,,,,,,,,,,,,,,,,,,,,,,,,,,,,,,,,,,0.018258110629504398,,,,,,,
2025-05-05,,,,,,,,,,0.027507119228715408,,,,,,,,,,,,,,,,,,,,,,,,,,,,,,,,,,,,0.03382730090603238,,,,,,,,,,,,,,,,,,,,,,,,,,,,,
2025-04-29,0.01905147633928824,,,,,,,,,,,,,,,,,,,,,,,,,,,,,,,,,,,,,,,,,,,,,,,,,,,,,,,,,,,0.028598252751570064,,,,0.0023184124468759596,,,,,,,0.008233932889762539,,,,
2025-04-22,,,,,,,,,,,,,,,,,,,0.016862958498093664,,,,,0.0201512820715007,,,,,,,,,,,,,,,,,0.04478632844281436,,,,,,,0.018447701466843276,,,,0.042222897311113526,,,-0.0017359712447230127,,,,,,,,,,,0.026334343691349987,,,,,,,,,
2025-04-23,,,,,,,,,,,,,,,,,,,,,,,0.00784401418311083,,,,,,,,,,,,,,,,,,,,,,,,,,,,,,,,,,,,,,,0.014790542733572252,,,,,,,,,,,,,
2025-05-06,,,,0.03484569059246592,,,,,,,,,,,,,,,,,,,,,,0.014083998962414423,,,,0.03480717610068736,,,,0.0193821604516892,,,,,,,,0.008703505131629749,,,,,,,,,,,,,,,,,,,,,,,,,,,,,,,,,
2025-04-24,,,,,,,0.017177122024205068,,,,,,,,,,,,,,,,,,,,,0.018133467377214784,,,0.0024205251973036263,,,,,,0.025974034819666522,,,,,,,,,,,,,,,,,0.01754410735994614,,0.021220001115491837,,,,,,,,,,,,,,,,,,0.027711034843452834,
2025-04-21,,,,,,,,,,,,,,,,,,,,,,,,,,,,,,,,,,,,,,,,,,,,,,,,,,,,,,,,,,,,,,,,,,,,,,,,,0.030503711828550824,,
2025-04-28,,,,,,,,,,,,,,,,0.008775623872910672,,,,,,0.007416387562015937,,,,,,,,,,,,,,,,,,,,,,,,,,,,,,,,,,,,,,,,,,,,,,,,,,,,,
2025-05-08,,,,,,,,,,,,,,,,,,,,,,,,,0.006997128256423896,,,,,,,,,,,,,,,,,,,,,,,,,,,,,,,,,,,,,,,,,,,,,,,,,,
2025-03-20,,,,,,,,,,,,,,,,,,,,,,,,,,,,,0.0123343405949133,,,,,,,,,,,,,,,,,,,,,,,,,,,,,,,,,,,,,,,,,,,,,,
2025-07-18,,,,,,,,,,,0.0018644838668746254,,,,,,,,,,,,,,,,,,,,,,,,,,,,,,,,,,,,,,,,,,,,,,,,,,-0.025565526625320016,,0.005481598111868126,,,,0.041853206103258184,,,,,,,,
2025-08-05,,0.011459510840850205,,0.022825657820372703,,,,,0.02203006496724983,,,,,,,,,,,,,,,,,,,,,0.05949805089006501,,,,,,,,,,,,,,,,,,,,,,,,,,,,,,,,,,,,,,,,,,,,,
2025-08-06,,,0.012374830153534704,,,,,,,,,,,,,,,,,,,,,,,-0.03634190530410036,,,,,,,,0.008831651868925915,,,,,,,,,,,,,,,0.018827920150642403,,,,,,,,,,,,,,,,,,,,,,,,,,
2025-07-15,,,,,,,,,,,,,,-0.023034500361159758,0.01836766545105796,,,0.048070898640519964,,,,,,,,,,,,,,,,,,,,,,,,,-0.022691200240247903,,,,,,,,,,,,,,,,,,,,,,0.015897943696364367,,,,,,,-0.018481823938954447,,,
2025-07-25,,,,,,,,0.02028311209990115,,,,,,,,,,,,,,,,,,,,,,,,,,,,,,,,,,,,,,,,,,,,,,,,,,,,,,,,,,,,,,,,,,,
2025-07-17,,,,,,,,,,,,,,,,,,,,,,,,,,,,,,,,-0.0019065393424650165,,,,,,,0.03973762767733752,,,,,,,,,,,0.027413849217321228,,,,,,,,,,,,,,,,,,,0.013535728456213593,-0.004393168752516132,,,,,
2025-07-16,,,,,,,,,,,,0.009134419911605598,,,,,,,,,0.08054866890506306,,,,,,,,,,,,,,0.023937943198906617,,,,,,,,,,,,,,,,0.020269618181535658,,0.006641105168290879,,,,-0.0019651155979654813,-0.011839277635202173,,,,,,,,,,,,,,,,,
2025-08-01,,,,,,,,,,0.04924242490743891,,,0.06112740751049655,,,,,,,-0.012233676452333603,,,,,,,,,,,,,,,,,,,,,,,,,,,,,,,,,,,,,,,,,,,,,,,,0.04002818373327034,,,,,,,
2025-07-31,,,,,0.00823915253374436,,,,,,,,,,,,,,,,,,,,-0.09631609755233804,,,,,,,,,,,,,,,0.006460923225118991,,,,,0.03003265301057003,,-0.013050228366259757,,,,,,,,,,,,,,,,,-0.0016983136724906206,,,,,,,,,,0.00534901872848046,
2025-07-14,,,,,,,,,,,,,,,,,,,,,,,,,,,,,,,,,,,,-0.02692252082384072,,,,,,,,,,,,,,,,,,,,,,,,,,,,,,,,,,,,,,,
2025-08-04,,,,,,,,,,,,,,,,,,,,,,,,,,,,,,,,,,,,,,,,,,,,,,0.014076619512020733,,,,,,,,,,,,,,,,,,,,,,,,,,,,,
2025-07-23,,,,,,,,,,,,,,,,,,,,,,,0.009513956056793624,,,,,,,,0.014797356202529654,,-0.0012780777199217998,,,,,,,,,,,,,,,-0.011098798208927882,,,,,,,-0.015382393463339382,,,,,,,0.008278301024833202,,,,,,,,,,,,,
2025-07-22,,,,,,,,,,,,,,,,,,,0.015397614236221241,,,,,0.012677197164763523,,,,,,,,,,,,,,,,,-0.040963315886880965,,,0.03501435650315634,,,,,,,,0.0276236170052746,,,,,,,,,,,,,,-0.00020088181763781962,,,,,,,,,
2025-08-19,,,,,,,,,,,,,,,,,,,,,,,,,,,,,,,,,,,,,,,,,,0.018560413647766325,,,,,,,,,,,,,,,,,,,,,,,,,,,,,,,,,
2025-07-21,,,,,,,,,,,,,,,,,,,,,,,,,,,,,,,,,,,,,,,,,,,,,,,,,,,,,,,,,,,,,,,,,,,,,,,,,0.03616826773401111,,
2025-07-28,,,,,,,,,,,,,,,,0.07347465840666913,,,,,,0.01402758374817817,,,,,,,,,,,,,,,-0.015502028235556714,,,,,,,,,,,,,,,,,,,0.01675137663908844,,,,,,,,,,,,,,,,,,,
2025-07-29,0.014417812300008364,,,,,,,,,,,,,,,,,,,,,,,,,,,,,,,,,,,,,,,,,,,,,,,,,,,,,,,,,,,-0.01721625540853911,,,,,,,,,,,-0.03247295441122066,,,,
2025-08-07,,,,,,,,,,,,,,,,,,,,,,,,,,,,0.006465226074833773,,,,,,,,,,,,,,,,,,,,,,,,,,,,,,,,,,,,,,,,,,,,,,,-0.17850374957479545
2025-07-30,,,,,,0.022825657820372703,,,,,,,,,,,,,,,,,,,,,0.05340832253299017,,,,,,,,,,,0.002787081963903045,,,,,,,,,,,,,,,,,,,,,0.01792141432427968,,,,,,,,,,,,,,,,
2025-06-23,,,,,,,,,,,,,,,,,,,,,,,,,,,,,-0.022671630449651797,,,,,,,,,,,,,,,,,,,,,,,,,,,,,,,,,,,,,,,,,,,,,,
2025-07-24,,,,,,,0.019963029139236924,,,,,,,,,,0.018636487422157302,,,,,,,,,,,,,,,,,,,,,,,,,,,,,,,,,,,,,0.016760945365242287,,,,,,,,,,,,,,,,,,,,,
2025-10-17,,,,,,,,,,,0.02347179739916461,,,,,,,,,,,,,,,,,,,,,0.011053593108412838,,,,0.012873057773384666,,,,,,,,,,,,,,,,,,,,,,,,,-0.0012816496809227023,,,,0.014648465335605099,,0.036882707737897015,,,,,,,,
2025-11-04,,0.028784226305358575,0.02965848812572905,0.028940710964183013,,,,,0.02548599961510316,,,,,,,,,,,,,,,,,,,,,,,,,0.01602061433290525,,,,,,,,0.024486679965080454,,,,,,,,,,,,,,,,,,,,,,,,,,,,,,,,,
2025-10-16,,,,,,,,,,,,,,0.007329610072722371,,,,,,,,,,,,,,,,,,,,,,,,,0.01752363667730407,,,,,0.03449557304536697,,,,,,0.03360488236585448,,,0.012104966832375639,,,,,,,,,,0.007468145932597728,,,,,,0.023941178356059307,0.012739871242825608,,,,,
2025-10-14,,,,,,,,,,,,,,,0.012814350711077964,,,0.0316885636181762,,,,,,,,,,,,,,,,,0.011611453141627474,,,,,,,,0.007679669378034145,,,,,,,,,,,,,,,,,,,,,,,,,,,,,0.008428601821926195,,,
2025-10-31,,,,,,,,0.030561084353059657,,,,,,,,,,,,0.010331699559412376,,,,,,,,,,,,,,,,,,,,,,,,,,,,,,,,,,,,,,,,,,,,,,,,0.021488252375549997,,,,,,,
2025-11-07,,,,,,,,,,,,,0.035449552080177124,,,,,,,,,,,,,,,,,,,,,,,,,,,,,,,,0.02746325226735631,,,,,,,,,,,,,,,,,,,,,,,,,,,,,,
2025-10-30,,,,,0.011189603733172387,,0.022966200232841252,,,,,,,,,,,,,,,,,,0.0018501823542211842,,,0.0247158242269255,,,,,,,,,,,,0.0171397761138257,,,,,,,0.027848253297128523,,,,,,,,,,,,,,,,,0.004698318256160648,,,,,,,,,,0.02164377876868793,
2025-11-03,,,,,,,,,,0.023514756992781126,,,,,,,,,,,,,,,,,,,,,,,,,,,,,,,,,,,,0.024828989416121678,,,,,,,,,,,,,,,,,,,,,,,,,,,,,
2025-10-15,,,,,,,,,,,,0.01386901153156277,,,,,,,,,0.03770177400978313,,,,,,,,,,,,,,,,,,,,,,,,,,,,,,0.012607199243427842,,,,,,0.01909581043281012,0.003673235782819493,,,,,,,,0.014296432302856758,,,,,,,,,
2025-10-22,,,,,,,,,,,,,,,,,,,,,,,0.008546181572318345,,,,,,,,,,0.016211158615568523,,,,,,,,,,,,,,,0.022213025809144325,,,,,,,0.012090613030139571,,,,,,,0.016239621998842955,,,,,,,,,,,,,
2025-10-29,,,,,,,,,,,,,,,,,,,,,,,,,,,,,,,0.018961021571847144,,,,,,,,,,,,,,,,,,,,,,,,,,,,0.023802581445111142,,,,,,,,,,,,,,,,
2025-10-20,,,,,,,,,,,,,,,,,,,,,,,,,,,,,,,,,,,,,,,,,,,,,,,,,,,,,,,,,,,,,,,,,,,,,,,,,0.02961250055057902,,
2025-10-27,0.01682244030195287,,,,,,,,,,,,,,,0.022557773316160077,,,,,,0.0038136308240383776,,,,,0.026971132895617093,,,,,,,,,,0.024624407166420222,,,,,,,,,,,,,,,,,,,0.022820933075617226,,,,,,,,,,,,,,,,,,,
2025-10-28,,,,,,,,,,,,,,,,,,,,,,,,,,,,,,,,,,,,,,,,,0.03433583056615368,,,,,,,,,,,0.0429369628367024,,,,,,,,0.027292274279409123,,,,,,,,,,,0.014261694062805783,,,,
2025-11-06,,,,,,,,,,,,,,,,,,,,,,,,,,,,,,,,,,,,,,,,,,,,,,,,,,,,,,,,,,,,,,,,,,,,,,,,,,,0.01966690470531697
2025-10-21,,,,,,,,,,,,,,,,,,,0.019484795384629394,,,,,0.018191502889772646,,,,,,,,,,,,,,,,,,,,,,,,,,,,,,0.011685763083389939,,,,,,,,,,,,,,,,,,,,,
2025-11-05,,,,,,0.026340232742638275,,,,,,,,,,,,,,,,,,,,0.02041657464969826,,,,0.030979591575976014,,,,,,,,0.015533537684798442,,,,,,,,,,,0.03808215961509526,,,,,,,,,,,,,,,,,,,,,,,,,,
2025-09-18,,,,,,,,,,,,,,,,,,,,,,,,,,,,,0.01507764077548859,,,,,,,,,,,,,,,,,,,,,,,,,,,,,,,,,,,,,,,,,,,,,,
2025-10-23,,,,,,,,,,,,,,,,,0.021893245097393037,,,,,,,,,,,,,,,,,,,,,,,,,,,,,,,,,,,,,,,,,,,,,,,,,,,,,,,,,,
2026-01-30,,,,,,,,0.027616128114135545,,,0.025929210094616,,0.04239875558931211,,,,,,,,,,,,,,,,,,,,,,,,,,,,,,,,,,,,,,,,,,,,,,,,,,,,,,,,,,,,,,
2026-02-04,,0.009867051212014047,,,,0.02926303179125747,,,,,,,,,,,,,,,,,0.01701177697431409,,,0.02188683638407157,0.03268729331099142,,,,,,0.016795988933142932,,,,,,,,,,,,,,,,0.042446632278886724,,,,,,,,,,,,,,,,,,,0.015312960197232939,,,,,,,
2026-02-10,,,0.025432730492655646,0.010463741072887863,,,,,,,,,,,,,,,,,,,,,,,,,,,0.020514009694552394,,,,,,,0.02721693124884363,,,,,,,,,,,,,,,,,,,,,,,,,,0.008171165440092667,,,,,,,,,,,
2026-01-13,,,,,,,,,,,,,,0.012535910778190251,,,,,,,,,,,,,,,,,,,,,,,,,,,,,0.01190259727715552,,,,,,,,,,,,,,,,,,,,,,,,,,,,,,,,
2026-01-14,,,,,,,,,,,,0.020127374445168898,,,,,,0.026663754787275073,,,,,,,,,,,,,,,,,,,,,,,,,,,,,,,,,,,,,,,,,,,,,,,,,,,,,,0.010906611028935915,,,
2026-01-20,,,,,,,,,,,,,,,,,,,,,,,,,,,,,,,,0.011093298007214909,,,,,,,0.019957280759766473,,,,,0.023032348435751308,,,,,,,,,,,,,,,,,,,,,,,,,,0.014591756793314446,,,,,
2026-01-16,,,,,,,,,,,,,,,,,,,,,,,,,,,,,,,,,,,,,,,,,,,,,,,,,,,,,0.014106760573444099,,,,,0.007264426771842982,,,-0.0004120414839655903,,,,0.02043445873341947,,,,,,,,,,
2026-01-29,,,,,0.010116492919499087,,0.01091508243323897,,,,,,,,,,0.02622481577472794,,,,,,,,,,,,,,,,,,,,0.026752561649724428,,,,,,,,,,0.03163410639438957,,,0.03303388137482364,,,,0.019884687552541094,,,,,,,,,,,,,,,,,0.015115036384753784,,,,
2026-01-22,,,,,,,,,,,,,,,,,,,,,,,,0.02379865326917729,,,,,,,,,,,,0.0241355964912984,,,,,,,,,,,,,,,,,,,0.013094161591685574,,,,,,,,,,,,,,,,,,,,
2026-02-09,0.018832703639177835,,,,,,,,0.029805463842228687,,,,,,,,,,,,,0.007384292841994472,,,,,,,,,,,,,,,,,,,,,,,,0.02567917406450781,,,,,,,,,,0.017493995872438307,,,,,,,,,,,,,,,,,,,
2026-01-28,,,,,,,,,,,,,,,,,,,,,,,,,,,,,,,,,,,,,,,,,,,,,,,,,,,,0.04740900235425641,,,,,-0.008930883969205656,,,,,0.023908270370584354,,,,,,,,,,,,,
2026-02-03,,,,,,,,,,,,,,,,,,,0.01648283872402965,,,,,,,,,,,,,,,,,,,,,,,0.014487275696332022,,,,,,,,,,,,,,,,,0.025860220707399822,0.02970341516303809,,,,,,,,,,,,,,0.013963214224989959,
2026-01-21,,,,,,,,,,,,,,,,,,,,,0.03151931189277673,,,,,,,,,,,,,,,,,,,,,,,,,,,,,,,,,,,,,,,,,,0.02644107637312059,,,,0.030238522757243404,,0.02818720418439369,,,,,,
2026-01-15,,,,,,,,,,,,,,,0.03251957489660187,,,,,,,,,,,,,,,,,,,,0.008708589129454443,,,,,,,,,,,,,,,,-0.007165590477653873,,,,,,,,,,,,,,,,,,,,,,,,
2026-01-26,,,,,,,,,,,,,,,,0.025914039644960987,,,,,,,,,,,,,,,,,,,,,,,,,,,,,,,,,,,,,,,,,,,,,,,,,,,,,,,,,-0.003945951785497207,,
2026-02-05,,,,,,,,,,0.03347828147945182,,,,,,,,,,,,,,,,,,,,,,,,,,,,,,0.01732823466830698,,,,,0.02700225497306332,,,,,,,,,,,,,,,,,,,,,,,,,,,,,,
2026-01-27,,,,,,,,,,,,,,,,,,,,,,,,,,,,,,,,,,,,,,,,,0.04110143881456762,,,,,,,,,,,,,,,,,,,,,,,,,0.024835606373461726,,,,,,,,,
2026-02-12,,,,,,,,,,,,,,,,,,,,,,,,,0.006643525437435674,,,,,,,,,,,,,,,,,,,,,,,,,,,,,,,,,,,,,,,,,,,,,,,,,,
2025-12-18,,,,,,,,,,,,,,,,,,,,,,,,,,,,,0.017099640349293545,,,,,,,,,,,,,,,,,,,,,,,,,,,,,,,,,,,,,,,,,,,,,,
2026-02-18,,,,,,,,,,,,,,,,,,,,,,,,,,,,,,,,,,0.02539179015483631,,,,,,,,,,,,,,0.021886470328259168,,,,,,,,,,,,,,,,,,,,,,,,,,,
2026-02-06,,,,,,,,,,,,,,,,,,,,0.013463478223986192,,,,,,,,,,,,,,,,,,,,,,,,,,,,,,,,,,,,,,,,,,,,,,,,,,,,,,,
