,AAPL,ADBE,ADI,ADSK,AMAT,AMD,APP,ARM,ASML,AVGO,CDNS,CDW,CRWD,CSCO,CTSH,DDOG,FTNT,GFS,INTC,INTU,KLAC,LRCX,MCHP,MRVL,MSFT,MSTR,MU,NVDA,NXPI,ON,PANW,PLTR,QCOM,ROP,SHOP,SNPS,TEAM,TXN,WDAY,ZS
2023-05-02,,,,,,0.06439422070980072,,,,,,,,,,,,,,,,,,,,,,,,,,,,,,,,,,
2023-02-15,,,0.06439422070980072,,,,,,,,,,,0.06439422070980072,,,,,,,,,,,,,,,,,,,,,,0.06439422070980072,,,,
2023-05-04,0.06152469664812088,,,,,,,,,,,,,,,0.053724534809589386,0.08015066385269165,,,,,,0.06439422070980072,,,,,,,,,,,,0.06508561223745346,,0.07892223447561264,,,
2023-02-16,,,,,0.06875269114971161,,,,,,,,,,,,,,,,,,,,,,,,,,,,,,,,,,,
2023-02-23,,,,0.06152469664812088,,,,,,,,,,,,,,,,0.06439422070980072,,,,,,,,,,,,,,,,,,,,
2023-04-27,,,,,,,,,,,,,,,,,,,0.07203653454780579,,,,,,,,,,,,,,,0.06439422070980072,,,,,,
2023-04-26,,,,,,,,,,,,,,,,,,,,,0.06152469664812088,,,,,,,,,,,,,,,,,,,
2023-04-19,,,,,,,,,0.06152469664812088,,,,,,,,,,,,,0.06875269114971161,,,,,,,,,,,,,,,,,,
2023-03-28,,,,,,,,,,,,,,,,,,,,,,,,,,,0.0665925070643425,,,,,,,,,,,,,
2023-04-25,,,,,,,,,,,,,,,,,,,,,,,,,0.06439422070980072,,,,,,,,,,,,,0.06274311244487762,,
2023-03-15,,0.06439422070980072,,,,,,,,,,,,,,,,,,,,,,,,,,,,,,,,,,,,,,
2023-04-24,,,,,,,,,,,0.06152469664812088,,,,,,,,,,,,,,,,,,,,,,,,,,,,,
2023-02-27,,,,,,,,,,,,,,,,,,,,,,,,,,,,,,,,,,,,,,,0.06439422070980072,
2023-05-03,,,,,,,,,,,,0.06067049875855446,,,0.06439422070980072,,,,,,,,,,,,,,,,,,0.06875269114971161,,,,,,,
2023-03-02,,,,,,,,,,0.0668724849820137,,,,,,,,,,,,,,0.07203653454780579,,,,,,,,,,,,,,,,0.10206650197505951
2023-03-07,,,,,,,,,,,,,0.06067049875855446,,,,,,,,,,,,,,,,,,,,,,,,,,,
2023-05-08,,,,,,,,,,,,,,,,,,,,,,,,,,,,,,,,0.0451880507171154,,,,,,,,
2023-05-10,,,,,,,0.07203653454780579,,,,,,,,,,,,,,,,,,,,,,,,,,,,,,,,,
2023-05-09,,,,,,,,,,,,,,,,,,0.06439422070980072,,,,,,,,,,,,,,,,,,,,,,
2023-05-01,,,,,,,,,,,,,,,,,,,,,,,,,,0.11992064118385315,,,0.06439422070980072,0.06439422070980072,,,,,,,,,,
2023-02-22,,,,,,,,,,,,,,,,,,,,,,,,,,,,0.07052164524793625,,,,,,,,,,,,
2023-02-21,,,,,,,,,,,,,,,,,,,,,,,,,,,,,,,0.06873129308223724,,,,,,,,,
2023-08-01,,,,,,0.014893630519509315,,,,,,,,,,,,,,,,,,,,0.054063741117715836,,,,,,,,,,,,,,
2023-05-24,,,0.04396458715200424,,,,,,,,,,,,,,,,,,,,,,,,,0.050689637660980225,,,,,,,,,,,,
2023-08-03,0.04396458715200424,,,,,,,,,,,,,,,,0.05374016612768173,,,,,,0.04396458715200424,,,,,,,,,,,,,,0.05374016612768173,,,
2023-05-18,,,,,0.04396458715200424,,,,,,,,,,,,,,,,,,,,,,,,,,,,,,,,,,,
2023-05-25,,,,0.04396458715200424,,,,,,,,,,,,,,,,,,,,0.05984640121459961,,,,,,,,,,,,,,,0.04396458715200424,
2023-07-27,,,,,,,,,,,,,,,,,,,0.06602554768323898,,0.045690134167671204,,,,,,,,,,,,,,,,,,,
2023-07-26,,,,,,,,,,,,,,,,,,,,,,0.025217421352863312,,,,,,,,,,,,,,,,,,
2023-06-28,,,,,,,,,,,,,,,,,,,,,,,,,,,0.04396458715200424,,,,,,,,,,,,,
2023-07-25,,,,,,,,,,,,,,,,,,,,,,,,,0.04396458715200424,,,,,,,,,,,,,0.04396458715200424,,
2023-06-15,,0.04396458715200424,,,,,,,,,,,,,,,,,,,,,,,,,,,,,,,,,,,,,,
2023-07-24,,,,,,,,,,,0.04396458715200424,,,,,,,,,,,,,,,,,,0.04396458715200424,,,,,,,,,,,
2023-05-17,,,,,,,,,,,,,,0.050689637660980225,,,,,,,,,,,,,,,,,,,,,,0.04396458715200424,,,,
2023-08-02,,,,,,,,,,,,0.04396458715200424,,,0.04396458715200424,,,,,,,,,,,,,,,,,,0.04396458715200424,,0.04396458715200424,,,,,
2023-07-21,,,,,,,,,,,,,,,,,,,,,,,,,,,,,,,,,,0.04396458715200424,,,,,,
2023-05-23,,,,,,,,,,,,,,,,,,,,0.04396458715200424,,,,,,,,,,,0.04396458715200424,,,,,,,,,
2023-06-01,,,,,,,,,,0.045690134167671204,,,,,,,,,,,,,,,,,,,,,,,,,,,,,,0.04396458715200424
2023-05-31,,,,,,,,,,,,,0.04396458715200424,,,,,,,,,,,,,,,,,,,,,,,,,,,
2023-08-08,,,,,,,,,,,,,,,,0.04396458715200424,,0.04396458715200424,,,,,,,,,,,,,,,,,,,,,,
2023-08-07,,,,,,,,,,,,,,,,,,,,,,,,,,,,,,,,0.05984640121459961,,,,,,,,
2023-08-09,,,,,,,0.05686880275607109,,,,,,,,,,,,,,,,,,,,,,,,,,,,,,,,,
2023-07-19,,,,,,,,,0.04396458715200424,,,,,,,,,,,,,,,,,,,,,,,,,,,,,,,
2023-07-31,,,,,,,,,,,,,,,,,,,,,,,,,,,,,,0.04396458715200424,,,,,,,,,,
2023-10-31,,,,,,0.015160770155489445,,,,,,,,,,,,,,,,,,,,,,,,,,,,,,,,,,
2023-08-23,,,0.03425484895706177,0.03732995688915253,,,,,,,,,,,,,,,,,,,,,,,,0.10735663026571274,,,,,,,,,,,,
2023-11-02,0.03298856317996979,,,,,,,,,,,,,,,,0.020518554374575615,,,,,,0.03732995688915253,,,,,,,,,0.05430847778916359,,,0.01542788464576006,,0.05435752496123314,,,
2023-08-17,,,,,0.03732995688915253,,,,,,,,,,,,,,,,,,,,,,,,,,,,,,,,,,,
2023-10-26,,,,,,,,,,,,,,,,,,,0.08582958579063416,,,,,,,,,,,,,,,,,,,,,
2023-10-25,,,,,,,,,,,,,,,,,,,,,0.03732995688915253,,,,,,,,,,,,,0.03732995688915253,,,,,,
2023-10-18,,,,,,,,,0.027414819225668907,,,,,,,,,,,,,0.03732995688915253,,,,,,,,,,,,,,,,,,
2023-09-27,,,,,,,,,,,,,,,,,,,,,,,,,,,0.0553046353161335,,,,,,,,,,,,,
2023-10-24,,,,,,,,,,,,,,,,,,,,,,,,,0.03732995688915253,,,,,,,,,,,,,0.03777560964226723,,
2023-09-14,,0.03732995688915253,,,,,,,,,,,,,,,,,,,,,,,,,,,,,,,,,,,,,,
2023-10-23,,,,,,,,,,,0.03732995688915253,,,,,,,,,,,,,,,,,,,,,,,,,,,,,
2023-08-24,,,,,,,,,,,,,,,,,,,,-0.008627324365079403,,,,0.032126639038324356,,,,,,,,,,,,,,,0.0008936499361880124,
2023-08-16,,,,,,,,,,,,,,0.03732995688915253,,,,,,,,,,,,,,,,,,,,,,0.03732995688915253,,,,
2023-11-01,,,,,,,,,,,,0.03732995688915253,,,0.03185952454805374,,,,,,,,,,,0.05653218552470207,,,,,,,0.03732995688915253,,,,,,,
2023-09-05,,,,,,,,,,,,,,,,,,,,,,,,,,,,,,,,,,,,,,,,0.037637706845998764
2023-08-30,,,,,,,,,,,,,-0.013104170560836792,,,,,,,,,,,,,,,,,,,,,,,,,,,
2023-11-07,,,,,,,,,,,,,,,,-0.07535379379987717,,0.03732995688915253,,,,,,,,,,,,,,,,,,,,,,
2023-11-08,,,,,,,0.12182008475065231,0.01935702934861183,,,,,,,,,,,,,,,,,,,,,,,,,,,,,,,,
2023-10-30,,,,,,,,,,,,,,,,,,,,,,,,,,,,,,0.03732995688915253,,,,,,,,,,
2023-08-18,,,,,,,,,,,,,,,,,,,,,,,,,,,,,,,0.02964676357805729,,,,,,,,,
2023-08-31,,,,,,,,,,0.015919916331768036,,,,,,,,,,,,,,,,,,,,,,,,,,,,,,
2023-11-06,,,,,,,,,,,,,,,,,,,,,,,,,,,,,0.03732995688915253,,,,,,,,,,,
2024-01-30,,,,,,0.0237186998128891,,,,,,,,,,,,,,,,,,,0.03234066441655159,,,,,,,,,,,,,,,
2023-11-21,,,0.031082434579730034,0.03234066441655159,,,,,,,,,,,,,,,,,,,,,,,,0.03439220041036606,,,,,,,,,,,,
2024-02-01,0.03234066441655159,,,,,,,,,,,,,,,,,,,,,,0.03234066441655159,,,,,,,,,,,,,,-0.0059896185994148254,,,
2023-11-16,,,,,0.03234066441655159,,,,,,,,,,,,,,,,,,,,,,,,,,,,,,,,,,,
2024-01-25,,,,,,,,,,,,,,,,,,,0.05770040675997734,,0.03234066441655159,,,,,,,,,,,,,,,,,,,
2024-01-24,,,,,,,,,0.010562458075582981,,,,,,,,,,,,,0.005934547167271376,,,,,,,,,,,,,,,,,,
2023-12-20,,,,,,,,,,,,,,,,,,,,,,,,,,,0.03943266719579697,,,,,,,,,,,,,
2024-01-23,,,,,,,,,,,,,,,,,,,,,,,,,,,,,,,,,,,,,,0.03234066441655159,,
2023-12-13,,0.03234066441655159,,,,,,,,,,,,,,,,,,,,,,,,,,,,,,,,,,,,,,
2024-02-12,,,,,,,,,,,0.03234066441655159,,,,,,,,,,,,,,,,,,,,,,,,,,,,,
2023-11-28,,,,,,,,,,,,,-0.0106839993968606,,,,,,,0.03234066441655159,,,,,,,,,,,,,,,,,,,0.03223538026213646,
2023-11-15,,,,,,,,,,,,,,0.03234066441655159,,,,,,,,,,,,,,,,,0.03234066441655159,,,,,,,,,
2024-02-13,,,,,,,,,,,,,,,,-0.020683709532022476,,0.03234066441655159,,,,,,,,,,,,,,,,,0.033291105180978775,,,,,
2024-01-31,,,,,,,,,,,,,,,,,,,,,,,,,,,,,,,,,0.03234066441655159,0.009253500029444695,,,,,,
2023-11-29,,,,,,,,,,,,,,,,,,,,,,,,,,,,,,,,,,,,0.03234066441655159,,,,
2024-02-07,,,,,,,,0.0022124580573290586,,,,0.03234066441655159,,,,,,,,,,,,,,,,,,,,,,,,,,,,
2023-11-27,,,,,,,,,,,,,,,,,,,,,,,,,,,,,,,,,,,,,,,,0.038498155772686005
2024-02-05,,,,,,,,,,,,,,,,,,,,,,,,,,,,,0.03234066441655159,0.03234066441655159,,0.047305960208177567,,,,,,,,
2024-02-14,,,,,,,0.11532427370548248,,,,,,,0.04396588355302811,,,,,,,,,,,,,,,,,,,,,,,,,,
2024-02-06,,,,,,,,,,,,,,,0.0237186998128891,,0.04365166276693344,,,,,,,,,-0.024436339735984802,,,,,,,,,,,,,,
2023-11-30,,,,,,,,,,,,,,,,,,,,,,,,0.07576610147953033,,,,,,,,,,,,,,,,
2023-12-07,,,,,,,,,,0.027455631643533707,,,,,,,,,,,,,,,,,,,,,,,,,,,,,,
2024-04-30,,,,,,0.03584782034158707,,,,,,,,,,,,,,,,,,,,,,,,,,,,,,,,,,
2024-02-21,,,0.039959341287612915,,,,,,,,,,,,,,,,,,,,,,,,,0.039329174906015396,,,,,,,,0.039959341287612915,,,,
2024-05-02,0.03665122389793396,,,,,,,,,,,,,,,,0.041322022676467896,,,,,,,,,,,,,,,,,,,,,,,
2024-02-15,,,,,0.039959341287612915,,,,,,,,,,,,,,,,,,,,,,,,,,,,,,,,,,,
2024-02-29,,,,0.039959341287612915,,,,,,,,,,,,,,,,,,,,,,,,,,,,,,,,,,,,0.03500838950276375
2024-04-25,,,,,,,,,,,,,,,,,,,0.043208830058574677,,0.039959341287612915,,,,0.04100814834237099,,,,,,,,,,,,0.03253970295190811,,,
2024-04-24,,,,,,,,,,,,,,,,,,,,,,0.0337466225028038,,,,,,,,,,,,,,,,,,
2024-03-20,,,,,,,,,,,,,,,,,,,,,,,,,,,0.041322022676467896,,,,,,,,,,,,,
2024-04-23,,,,,,,,,,,,,,,,,,,,,,,,,,,,,,,,,,,,,,0.039959341287612915,,
2024-03-14,,0.039959341287612915,,,,,,,,,,,,,,,,,,,,,,,,,,,,,,,,,,,,,,
2024-04-22,,,,,,,,,,,0.040021952241659164,,,,,,,,,,,,,,,,,,,,,,,,,,,,,
2024-02-26,,,,,,,,,,,,,,,,,,,,,,,,,,,,,,,,,,,,,,,0.039959341287612915,
2024-05-08,,,,,,,0.04100814834237099,0.04052334278821945,,,,,,,,,,,,,,,,,,,,,,,,,,,0.041322022676467896,,,,,
2024-05-01,,,,,,,,,,,,0.039959341287612915,,,0.04052334278821945,,,,,,,,,,,,,,,,,,0.039959341287612915,,,,,,,
2024-04-26,,,,,,,,,,,,,,,,,,,,,,,,,,,,,,,,,,0.039959341287612915,,,,,,
2024-02-22,,,,,,,,,,,,,,,,,,,,0.039959341287612915,,,,,,,,,,,,,,,,,,,,
2024-05-06,,,,,,,,,,,,,,,,,,,,,,,0.039329174906015396,,,,,,,,,0.04793262854218483,,,,,,,,
2024-03-05,,,,,,,,,,,,,0.030896872282028198,,,,,,,,,,,,,,,,,,,,,,,,,,,
2024-05-07,,,,,,,,,,,,,,,,0.03721050173044205,,0.03598916903138161,,,,,,,,,,,,,,,,,,,,,,
2024-04-17,,,,,,,,,0.040021952241659164,,,,,,,,,,,,,,,,,,,,,,,,,,,,,,,
2024-04-29,,,,,,,,,,,,,,,,,,,,,,,,,,0.03469662368297577,,,0.039959341287612915,0.039329174906015396,,,,,,,,,,
2024-03-07,,,,,,,,,,0.039329174906015396,,,,,,,,,,,,,,0.041322022676467896,,,,,,,,,,,,,,,,
2024-02-20,,,,,,,,,,,,,,,,,,,,,,,,,,,,,,,0.039959341287612915,,,,,,,,,
2024-07-30,,,,,,0.04223211854696274,,,,,,,,,,,,,,,,,,,0.050085145980119705,,,,,,,,,,,,,,,
2024-05-22,,,0.04223211854696274,,,,,,,,,,,,,,,,,,,,,,,,,0.04223211854696274,,,,,,,,0.04223211854696274,,,,
2024-08-01,0.04223211854696274,,,,,,,,,,,,,,,,,,0.03458581864833832,,,,0.04223211854696274,,,0.04011594131588936,,,,,,,,,,,0.04223211854696274,,,
2024-05-16,,,,,0.04223211854696274,,,,,,,,,,,,,,,,,,,,,,,,,,,,,,,,,,,
2024-06-10,,,,0.04223211854696274,,,,,,,,,,,,,,,,,,,,,,,,,,,,,,,,,,,,
2024-07-24,,,,,,,,,,,,,,,,,,,,,0.04082709923386574,,,,,,,,,,,,,0.04223211854696274,,,,,,
2024-07-31,,,,,,,,0.020855365321040154,,,,0.04223211854696274,,,0.04223211854696274,,,,,,,0.04082709923386574,,,,,,,,,,,0.04223211854696274,,,,,,,
2024-06-26,,,,,,,,,,,,,,,,,,,,,,,,,,,0.04223211854696274,,,,,,,,,,,,,
2024-07-23,,,,,,,,,,,,,,,,,,,,,,,,,,,,,,,,,,,,,,0.04223211854696274,,
2024-06-13,,0.04223211854696274,,,,,,,,,,,,,,,,,,,,,,,,,,,,,,,,,,,,,,
2024-07-22,,,,,,,,,,,0.04223211854696274,,,,,,,,,,,,,,,,,,0.04223211854696274,,,,,,,,,,,
2024-05-23,,,,,,,,,,,,,,,,,,,,0.04223211854696274,,,,,,,,,,,,,,,,,,,0.04223211854696274,
2024-05-15,,,,,,,,,,,,,,0.04877272993326187,,,,,,,,,,,,,,,,,,,,,,,,,,
2024-08-07,,,,,,,0.0004911721916869283,,,,,,,,,,,,,,,,,,,,,,,,,,,,0.04223211854696274,,,,,
2024-05-30,,,,,,,,,,,,,,,,,,,,,,,,0.04223211854696274,,,,,,,,,,,,,,,,0.03651139512658119
2024-06-04,,,,,,,,,,,,,0.03651139512658119,,,,,,,,,,,,,,,,,,,,,,,,,,,
2024-08-08,,,,,,,,,,,,,,,,0.04223211854696274,,,,,,,,,,,,,,,,,,,,,,,,
2024-08-05,,,,,,,,,,,,,,,,,,,,,,,,,,,,,,,,0.08158392459154129,,,,,,,,
2024-08-06,,,,,,,,,,,,,,,,,0.04223211854696274,0.03458581864833832,,,,,,,,,,,,,,,,,,,,,,
2024-07-17,,,,,,,,,0.04223211854696274,,,,,,,,,,,,,,,,,,,,,,,,,,,,,,,
2024-07-29,,,,,,,,,,,,,,,,,,,,,,,,,,,,,,0.04223211854696274,,,,,,,,,,
2024-05-20,,,,,,,,,,,,,,,,,,,,,,,,,,,,,,,0.050085145980119705,,,,,,,,,
2024-06-12,,,,,,,,,,0.04223211854696274,,,,,,,,,,,,,,,,,,,,,,,,,,,,,,
2024-10-29,,,,,,0.04717084765434265,,,,,,,,,,,,,,,,,,,,,,,,,,,,,,,,,,
2024-08-21,,,0.04395715519785881,,,,,,,,,,,,,,,,,,,,,,,,,,,,,,,,,0.04395715519785881,,,,
2024-10-31,0.04395715519785881,,,,,,,,,,,,,,,,,,-0.012507054954767227,,,,,,,,,,,,,,,,,,0.04395715519785881,,,
2024-08-15,,,,,0.04395715519785881,,,,,,,,,,,,,,,,,,,,,,,,,,,,,,,,,,,
2024-08-29,,,,0.04395715519785881,,,,,,,,,,,,,,,,,,,,0.04395715519785881,,,,,,,,,,,,,,,,
2024-10-30,,,,,,,,,,,,0.048102885484695435,,,0.04395715519785881,,,,,,0.04395715519785881,,,,0.04395715519785881,0.04395715519785881,,,,,,,,,,,,,,
2024-10-23,,,,,,,,,,,,,,,,,,,,,,0.04395715519785881,,,,,,,,,,,,0.04395715519785881,,,,,,
2024-09-25,,,,,,,,,,,,,,,,,,,,,,,,,,,0.048102885484695435,,,,,,,,,,,,,
2024-10-22,,,,,,,,,,,,,,,,,,,,,,,,,,,,,,,,,,,,,,0.04395715519785881,,
2024-09-12,,0.04395715519785881,,,,,,,,,,,,,,,,,,,,,,,,,,,,,,,,,,,,,,
2024-10-28,,,,,,,,,,,0.04395715519785881,,,,,,,,,,,,,,,,,,,0.04395715519785881,,,,,,,,,,
2024-08-22,,,,,,,,,,,,,,,,,,,,0.030818793922662735,,,,,,,,,,,,,,,,,,,0.04395715519785881,
2024-08-14,,,,,,,,,,,,,,0.05082915723323822,,,,,,,,,,,,,,,,,,,,,,,,,,
2024-11-12,,,,,,,,,,,,,,,,,,,,,,,,,,,,,,,,,,,0.04395715519785881,,,,,
2024-11-06,,,,,,,0.030182410031557083,0.034478817135095596,,,,,,,,,,,,,,,,,,,,,,,,,0.04395715519785881,,,,,,,
2024-11-05,,,,,,,,,,,,,,,,,,0.05082915723323822,,,,,0.04395715519785881,,,,,,,,,,,,,,,,,
2024-09-03,,,,,,,,,,,,,,,,,,,,,,,,,,,,,,,,,,,,,,,,0.052507586777210236
2024-08-28,,,,,,,,,,,,,0.037491802126169205,,,,,,,,,,,,,,,0.04395715519785881,,,,,,,,,,,,
2024-11-07,,,,,,,,,,,,,,,,0.04395715519785881,0.04395715519785881,,,,,,,,,,,,,,,,,,,,,,,
2024-11-04,,,,,,,,,,,,,,,,,,,,,,,,,,,,,0.04395715519785881,,,0.08564198017120361,,,,,,,,
2024-10-15,,,,,,,,,0.04395715519785881,,,,,,,,,,,,,,,,,,,,,,,,,,,,,,,
2024-08-19,,,,,,,,,,,,,,,,,,,,,,,,,,,,,,,0.046775199472904205,,,,,,,,,
2024-09-05,,,,,,,,,,0.04395715519785881,,,,,,,,,,,,,,,,,,,,,,,,,,,,,,
2025-02-04,,,,,,0.04452691599726677,,,,,,,,,,,,,,,,,,,,,,,,,,,,,,,,,,
2024-11-26,,,0.044578298926353455,0.04689254239201546,,,,,,,,,0.0366632454097271,,,,,,,,,,,,,,,,,,,,,,,,,,0.04689254239201546,
2025-01-30,0.04689254239201546,,,,,,,,,,,,,,,,,,0.04946780204772949,,0.04689254239201546,,,,,,,,,,,,,0.04689254239201546,,,0.04974009469151497,,,
2024-11-14,,,,,0.04689254239201546,,,,,,,,,,,,,,,,,,,,,,,,,,,,,,,,,,,
2025-01-29,,,,,,,,,0.04689254239201546,,,,,,,,,,,,,0.04689254239201546,,,0.04689254239201546,,,,,,,,,,,,,,,
2024-12-18,,,,,,,,,,,,,,,,,,,,,,,,,,,0.04452691599726677,,,,,,,,,,,,,
2025-01-23,,,,,,,,,,,,,,,,,,,,,,,,,,,,,,,,,,,,,,0.04689254239201546,,
2024-12-11,,0.04689254239201546,,,,,,,,,,,,,,,,,,,,,,,,,,,,,,,,,,,,,,
2025-02-18,,,,,,,,,,,0.04689254239201546,,,,,,,,,,,,,,,,,,,,,,,,,,,,,
2024-11-13,,,,,,,,,,,,,,0.04689254239201546,,,,,,,,,,,,,,,,,,,,,,,,,,
2025-02-11,,,,,,,,,,,,,,,,,,0.0435311459004879,,,,,,,,,,,,,,,,,0.04689254239201546,,,,,
2025-02-05,,,,,,,,0.04520484805107117,,,,0.04684115946292877,,,0.04689254239201546,,,,,,,,,,,-0.015385374426841736,,,,,,,0.04689254239201546,,,,,,,
2024-12-04,,,,,,,,,,,,,,,,,,,,,,,,,,,,,,,,,,,,0.04684115946292877,,,,
2024-11-21,,,,,,,,,,,,,,,,,,,,0.045906733721494675,,,,,,,,,,,,,,,,,,,,
2025-02-06,,,,,,,,,,,,,,,,,0.04739834740757942,,,,,,0.04689254239201546,,,,,,,,,,,,,,,,,
2024-12-02,,,,,,,,,,,,,,,,,,,,,,,,,,,,,,,,,,,,,,,,0.0366632454097271
2025-02-13,,,,,0.05238623172044754,,,,,,,,,,,0.04585535079240799,,,,,,,,,,,,,,,0.05238623172044754,,,,,,,,,
2025-02-03,,,,,,,,,,,,,,,,,,,,,,,,,,,,,0.04689254239201546,,,0.04618259146809578,,,,,,,,
2025-02-12,,,,,,,0.043495193123817444,,,,,,,0.05238623172044754,,,,,,,,,,,,,,,,,,,,,,,,,,
2024-11-20,,,,,,,,,,,,,,,,,,,,,,,,,,,,0.04756810516119003,,,0.04684115946292877,,,,,,,,,
2025-02-10,,,,,,,,,,,,,,,,,,,,,,,,,,,,,,0.04689254239201546,,,,,,,,,,
2024-12-03,,,,,,,,,,,,,,,,,,,,,,,,0.04974009469151497,,,,,,,,,,,,,,,,
2024-12-12,,,,,,,,,,0.044578298926353455,,,,,,,,,,,,,,,,,,,,,,,,,,,,,,
2025-05-06,,,,,,0.051754485815763474,,,,,,,,,,0.05205859616398811,,0.05853116512298584,,,,,,,,,,,,,,,,,,,,,,
2025-02-19,,,0.051754485815763474,,,,,,,,,,,,,,,,,,,,,,,,,,,,,,,,,,,,,
2025-05-01,0.05238623172044754,,,,,,,,,,,,,,,,,,,,,,,,,-0.010013087652623653,,,,,,,,,,,0.05634037405252457,,,
2025-02-27,,,,0.05158174782991409,,,,,,,,,,,,,,,,,,,,,,,,,,,,,,,,,,,,
2025-04-24,,,,,,,,,,,,,,,,,,,0.059299174696207047,,,,,,,,,,,,,,,,,,,,,
2025-04-30,,,,,,,,,,,,,,,0.051754485815763474,,,,,,0.05238623172044754,,,,0.05158174782991409,,,,,,,,0.05238623172044754,,,,,,,
2025-04-23,,,,,,,,,,,,,,,,,,,,,,0.05238623172044754,,,,,,,,,,,,,,,,0.05238623172044754,,
2025-03-20,,,,,,,,,,,,,,,,,,,,,,,,,,,0.051754485815763474,,,,,,,,,,,,,
2025-03-12,,0.05238623172044754,,,,,,,,,,,,,,,,,,,,,,,,,,,,,,,,,,,,,,
2025-04-28,,,,,,,,,,,0.05158174782991409,,,,,,,,,,,,,,,,,,0.05238623172044754,,,,,0.051754485815763474,,,,,,
2025-02-25,,,,,,,,,,,,,,,,,,,,0.05158174782991409,,,,,,,,,,,,,,,,,,,0.05205859616398811,
2025-05-08,,,,,,,,,,,,,,,,,,,,,,,0.051754485815763474,,,,,,,,,,,,0.05238623172044754,,,,,
2025-02-26,,,,,,,,,,,,,,,,,,,,,,,,,,,,0.05238623172044754,,,,,,,,0.05238623172044754,,,,
2025-05-07,,,,,,,0.044915080070495605,0.05238623172044754,,,,0.05238623172044754,,,,,0.05238623172044754,,,,,,,,,,,,,,,,,,,,,,,
2025-03-05,,,,,,,,,,,,,,,,,,,,,,,,0.05413112789392471,,,,,,,,,,,,,,,,0.05493561178445816
2025-03-04,,,,,,,,,,,,,0.05238623172044754,,,,,,,,,,,,,,,,,,,,,,,,,,,
2025-05-05,,,,,,,,,,,,,,,,,,,,,,,,,,,,,,0.05853116512298584,,0.05205859616398811,,,,,,,,
2025-04-16,,,,,,,,,0.05158174782991409,,,,,,,,,,,,,,,,,,,,,,,,,,,,,,,
2025-03-06,,,,,,,,,,0.05238623172044754,,,,,,,,,,,,,,,,,,,,,,,,,,,,,,
2025-08-05,,,,,,0.0494479164481163,,,,,,,,,,,,0.055756255984306335,,,,,,,,,,,,,,,,,,,,,,
2025-05-22,,,0.0494479164481163,0.0494479164481163,,,,,,,,,,,,,,,,0.0494479164481163,,,,,,,,,,,,,,,,,,,0.0494479164481163,
2025-07-31,0.0494479164481163,,,,,,,,,,,,,,,,,,,,0.04757596179842949,,,,,0.0494479164481163,,,,,,,,,,,,,,
2025-05-15,,,,,0.0494479164481163,,,,,,,,,,,,,,,,,,,,,,,,,,,,,,,,,,,
2025-07-24,,,,,,,,,,,,,,,,,,,0.04178256541490555,,,,,,,,,,,,,,,,,,,,,
2025-07-30,,,,,,,,0.0494479164481163,,,,,,,0.0494479164481163,,,,,,,0.0494479164481163,,,0.0494479164481163,,,,,,,,0.0494479164481163,,,,,,,
2025-06-25,,,,,,,,,,,,,,,,,,,,,,,,,,,0.0494479164481163,,,,,,,,,,,,,
2025-07-22,,,,,,,,,,,,,,,,,,,,,,,,,,,,,,,,,,,,,,0.0494479164481163,,
2025-06-12,,0.0494479164481163,,,,,,,,,,,,,,,,,,,,,,,,,,,,,,,,,,,,,,
2025-07-28,,,,,,,,,,,0.0494479164481163,,,,,,,,,,,,,,,,,,,,,,,,,,,,,
2025-05-14,,,,,,,,,,,,,,0.0494479164481163,,,,,,,,,,,,,,,,,,,,,,,,,,
2025-08-06,,,,,,,0.03097470849752426,,,,,0.0494479164481163,,,,,0.0494479164481163,,,,,,,,,,,,,,,,,,0.0494479164481163,,,,,
2025-07-21,,,,,,,,,,,,,,,,,,,,,,,,,,,,,0.0494479164481163,,,,,0.0494479164481163,,,,,,
2025-05-28,,,,,,,,,,,,,,,,,,,,,,,,,,,,0.0494479164481163,,,,,,,,0.0494479164481163,,,,
2025-08-07,,,,,,,,,,,,,,,,0.0494479164481163,,,,,,,0.0494479164481163,,,,,,,,,,,,,,0.05071462318301201,,,
2025-05-29,,,,,,,,,,,,,,,,,,,,,,,,0.0494479164481163,,,,,,,,,,,,,,,,0.0494479164481163
2025-06-03,,,,,,,,,,,,,0.0494479164481163,,,,,,,,,,,,,,,,,,,,,,,,,,,
2025-08-04,,,,,,,,,,,,,,,,,,,,,,,,,,,,,,0.0494479164481163,,0.0494479164481163,,,,,,,,
2025-07-16,,,,,,,,,0.0494479164481163,,,,,,,,,,,,,,,,,,,,,,,,,,,,,,,
2025-05-20,,,,,,,,,,,,,,,,,,,,,,,,,,,,,,,0.0494479164481163,,,,,,,,,
2025-06-05,,,,,,,,,,0.0494479164481163,,,,,,,,,,,,,,,,,,,,,,,,,,,,,,
2025-11-04,,,,,,0.04736575856804848,,,,,,0.04877401515841484,,,,,,,,,,,,,,,,,,,,,,,0.04877401515841484,,,,,
2025-08-20,,,0.04736575856804848,,,,,,,,,,,,,,,,,,,,,,,,,,,,,,,,,,,,,
2025-10-30,0.04860757663846016,,,,,,,,,,,,,,,,,,,,,,,,,0.059356920421123505,,,,,,,,,,,0.04804442450404167,,,
2025-08-14,,,,,0.04877401515841484,,,,,,,,,,,,,,,,,,,,,,,,,,,,,,,,,,,
2025-08-28,,,,0.04860757663846016,,,,,,,,,,,,,,,,,,,,0.04804442450404167,,,,,,,,,,,,,,,,
2025-10-23,,,,,,,,,,,,,,,,,,,0.06594026833772659,,,,,,,,,,,,,,,0.04736575856804848,,,,,,
2025-10-29,,,,,,,,,,,,,,,0.048095349222421646,,,,,,0.04877401515841484,,,,0.04860757663846016,,,,,,,,,,,,,,,
2025-10-22,,,,,,,,,,,,,,,,,,,,,,0.04877401515841484,,,,,,,,,,,,,,,,,,
2025-09-23,,,,,,,,,,,,,,,,,,,,,,,,,,,0.048095349222421646,,,,,,,,,,,,,
2025-10-21,,,,,,,,,,,,,,,,,,,,,,,,,,,,,,,,,,,,,,0.04877401515841484,,
2025-09-11,,0.04877401515841484,,,,,,,,,,,,,,,,,,,,,,,,,,,,,,,,,,,,,,
2025-10-27,,,,,,,,,,,0.04877401515841484,,,,,,,,,,,,,,,,,,0.04877401515841484,,,,,,,,,,,
2025-08-21,,,,,,,,,,,,,,,,,,,,0.04710818827152252,,,,,,,,,,,,,,,,,,,0.04804442450404167,
2025-08-13,,,,,,,,,,,,,,0.04877401515841484,,,,,,,,,,,,,,,,,,,,,,,,,,
2025-11-05,,,,,,,0.030595386400818825,0.05516155809164047,,,,,,,,,0.04896407946944237,,,,,,,,,,,,,,,,0.04877401515841484,,,,,,,
2025-09-09,,,,,,,,,,,,,,,,,,,,,,,,,,,,,,,,,,,,0.055252689868211746,,,,
2025-11-06,,,,,,,,,,,,,,,,0.04804442450404167,,,,,,,0.04804442450404167,,,,,,,,,,,,,,,,,
2025-09-02,,,,,,,,,,,,,,,,,,,,,,,,,,,,,,,,,,,,,,,,0.04804442450404167
2025-08-27,,,,,,,,,,,,,0.04804442450404167,,,,,,,,,,,,,,,0.04883267357945442,,,,,,,,,,,,
2025-11-03,,,,,,,,,,,,,,,,,,,,,,,,,,,,,,0.042990777641534805,,0.044672489166259766,,,,,,,,
2025-11-12,,,,,,,,,,,,,,0.047788266092538834,,,,0.0549091175198555,,,,,,,,,,,,,,,,,,,,,,
2025-10-15,,,,,,,,,0.04860757663846016,,,,,,,,,,,,,,,,,,,,,,,,,,,,,,,
2025-08-18,,,,,,,,,,,,,,,,,,,,,,,,,,,,,,,0.05593135580420494,,,,,,,,,
2025-09-04,,,,,,,,,,0.04877401515841484,,,,,,,,,,,,,,,,,,,,,,,,,,,,,,
2026-02-03,,,,,,0.047788266092538834,,,,,,,,,,,,,,,,,,,,,,,,,,,,,,,,,,
2025-11-25,,,0.047788266092538834,0.047788266092538834,,,,,,,,,,,,,,,,,,,,,,,,,,,,,,,,,,,0.047788266092538834,0.04656758904457092
2026-01-29,0.047788266092538834,,,,,,,,,,,,,,,,,,,,0.047788266092538834,,,,,,,,,,,,,,,,,,,
2025-11-13,,,,,0.047788266092538834,,,,,,,,,,,,,,,,,,,,,,,,,,,,,,,,,,,
2026-01-22,,,,,,,,,,,,,,,,,,,0.04455409198999405,,,,,,,,,,,,,,,,,,,,,
2026-01-28,,,,,,,,,0.047788266092538834,,,,,,,,,,,,,0.047788266092538834,,,0.047788266092538834,,,,,,,,,,,,,,,
2025-12-17,,,,,,,,,,,,,,,,,,,,,,,,,,,0.047788266092538834,,,,,,,,,,,,,
2026-01-27,,,,,,,,,,,,,,,,,,,,,,,,,,,,,,,,,,0.047788266092538834,,,,0.047788266092538834,,
2025-12-10,,0.047788266092538834,,,,,,,,,,,,,,,,,,,,,,,,,,,,,,,,,,0.047788266092538834,,,,
2026-02-17,,,,,,,,,,,0.047788266092538834,,,,,,,,,,,,,,,,,,,,,,,,,,,,,
2026-02-11,,,,,,,0.02860557846724987,,,,,,,,,,,0.04455409198999405,,,,,,,,,,,,,,,,,0.047788266092538834,,,,,
2026-02-04,,,,,,,,0.047788266092538834,,,,0.047788266092538834,,,0.047788266092538834,,,,,,,,,,,,,,,,,,0.047788266092538834,,,,,,,
2026-02-05,,,,,,,,,,,,,,,,,0.05789899826049805,,,,,,0.047788266092538834,,,-0.013602041639387608,,,,,,,,,,,0.047788266092538834,,,
2025-11-20,,,,,,,,,,,,,,,,,,,,0.047788266092538834,,,,,,,,,,,,,,,,,,,,
2025-12-02,,,,,,,,,,,,,0.04656758904457092,,,,,,,,,,,0.047788266092538834,,,,,,,,,,,,,,,,
2026-02-10,,,,,,,,,,,,,,,,0.047788266092538834,,,,,,,,,,,,,,,,,,,,,,,,
2026-02-02,,,,,,,,,,,,,,,,,,,,,,,,,,,,,0.047788266092538834,,,0.047788266092538834,,,,,,,,
2025-11-19,,,,,,,,,,,,,,,,,,,,,,,,,,,,0.04980459809303284,,,0.047788266092538834,,,,,,,,,
2026-02-09,,,,,,,,,,,,,,,,,,,,,,,,,,,,,,0.047788266092538834,,,,,,,,,,
2025-12-11,,,,,,,,,,0.047788266092538834,,,,,,,,,,,,,,,,,,,,,,,,,,,,,,
