Date,QQQ,SPY
2018-02-07,160.2100067138672,267.6700134277344
2018-02-08,153.4499969482422,257.6300048828125
2018-02-09,156.10000610351562,261.5
2018-02-12,158.8699951171875,265.3399963378906
2018-02-13,159.69000244140625,266.0
2018-02-14,162.67999267578125,269.5899963378906
2018-02-15,165.6999969482422,273.0299987792969
2018-02-16,164.9600067138672,273.1099853515625
2018-02-20,165.2899932861328,271.3999938964844
2018-02-21,164.82000732421875,270.04998779296875
2018-02-22,164.8000030517578,270.3999938964844
2018-02-23,168.1699981689453,274.7099914550781
2018-02-26,170.39999389648438,277.8999938964844
2018-02-27,168.2899932861328,274.42999267578125
2018-02-28,167.2100067138672,271.6499938964844
2018-03-01,164.47999572753906,267.70001220703125
2018-03-02,165.99000549316406,269.0799865722656
2018-03-05,167.8300018310547,272.19000244140625
2018-03-06,168.5399932861328,272.8800048828125
2018-03-07,168.92999267578125,272.7799987792969
2018-03-08,169.86000061035156,274.1000061035156
2018-03-09,173.16000366210938,278.8699951171875
2018-03-12,174.0800018310547,278.5199890136719
2018-03-13,171.7100067138672,276.7200012207031
2018-03-14,171.67999267578125,275.29998779296875
2018-03-15,171.52999877929688,275.0
2018-03-16,171.02000427246094,274.20001220703125
2018-03-19,167.10000610351562,270.489990234375
2018-03-20,167.64999389648438,270.95001220703125
2018-03-21,166.9199981689453,270.42999267578125
2018-03-22,162.8000030517578,263.6700134277344
2018-03-23,158.50999450683594,258.04998779296875
2018-03-26,164.39999389648438,265.1099853515625
2018-03-27,159.0800018310547,260.6000061035156
2018-03-28,157.25,259.8299865722656
2018-03-29,160.1300048828125,263.1499938964844
2018-04-02,155.50999450683594,257.4700012207031
2018-04-03,157.25999450683594,260.7699890136719
2018-04-04,159.74000549316406,263.55999755859375
2018-04-05,160.64999389648438,265.6400146484375
2018-04-06,156.6300048828125,259.7200012207031
2018-04-09,157.72999572753906,261.0
2018-04-10,161.2100067138672,265.1499938964844
2018-04-11,160.27999877929688,263.760009765625
2018-04-12,162.2100067138672,265.92999267578125
2018-04-13,161.3699951171875,265.1499938964844
2018-04-16,162.60000610351562,267.3299865722656
2018-04-17,166.10000610351562,270.19000244140625
2018-04-18,166.44000244140625,270.3900146484375
2018-04-19,164.91000366210938,268.8900146484375
2018-04-20,162.3000030517578,266.6099853515625
2018-04-23,161.88999938964844,266.57000732421875
2018-04-24,158.4600067138672,262.9800109863281
2018-04-25,158.64999389648438,263.6300048828125
2018-04-26,161.99000549316406,266.30999755859375
2018-04-27,162.08999633789062,266.55999755859375
2018-04-30,160.94000244140625,264.510009765625
2018-05-01,162.77999877929688,264.9800109863281
2018-05-02,161.82000732421875,263.20001220703125
2018-05-03,161.8000030517578,262.6199951171875
2018-05-04,164.8699951171875,266.0199890136719
2018-05-07,166.24000549316406,266.9200134277344
2018-05-08,166.07000732421875,266.9200134277344
2018-05-09,167.8800048828125,269.5
2018-05-10,169.6199951171875,272.0199890136719
2018-05-11,169.4600067138672,272.8500061035156
2018-05-14,169.75,272.9800109863281
2018-05-15,167.8699951171875,271.1000061035156
2018-05-16,168.97999572753906,272.239990234375
2018-05-17,168.3300018310547,272.010009765625
2018-05-18,167.4600067138672,271.3299865722656
2018-05-21,168.39999389648438,273.3699951171875
2018-05-22,168.17999267578125,272.6099853515625
2018-05-23,169.60000610351562,273.3599853515625
2018-05-24,169.5500030517578,272.79998779296875
2018-05-25,169.72000122070312,272.1499938964844
2018-05-29,168.97000122070312,269.0199890136719
2018-05-30,170.17999267578125,272.6099853515625
2018-05-31,170.07000732421875,270.94000244140625
2018-06-01,172.74000549316406,273.6000061035156
2018-06-04,174.3000030517578,274.8999938964844
2018-06-05,174.83999633789062,275.1000061035156
2018-06-06,175.86000061035156,277.3999938964844
2018-06-07,174.42999267578125,277.3699951171875
2018-06-08,174.44000244140625,278.19000244140625
2018-06-11,174.91000366210938,278.55999755859375
2018-06-12,175.8300018310547,278.9200134277344
2018-06-13,175.82000732421875,278.0299987792969
2018-06-14,177.60000610351562,278.7300109863281
2018-06-15,176.97999572753906,277.1300048828125
2018-06-18,176.5,276.55999755859375
2018-06-19,176.0,275.5
2018-06-20,177.25,275.9700012207031
2018-06-21,175.7100067138672,274.239990234375
2018-06-22,175.32000732421875,274.739990234375
2018-06-25,171.3699951171875,271.0
2018-06-26,172.07000732421875,271.6000061035156
2018-06-27,169.72999572753906,269.3500061035156
2018-06-28,171.19000244140625,270.8900146484375
2018-06-29,171.64999389648438,271.2799987792969
2018-07-02,172.8000030517578,271.8599853515625
2018-07-03,170.8000030517578,270.8999938964844
2018-07-05,172.9199981689453,273.1099853515625
2018-07-06,175.61000061035156,275.4200134277344
2018-07-09,177.19000244140625,277.8999938964844
2018-07-10,177.32000732421875,278.8999938964844
2018-07-11,176.4199981689453,276.8599853515625
2018-07-12,179.4600067138672,279.3699951171875
2018-07-13,179.61000061035156,279.5899963378906
2018-07-16,179.17999267578125,279.3399963378906
2018-07-17,180.27000427246094,280.4700012207031
2018-07-18,179.92999267578125,281.05999755859375
2018-07-19,179.02999877929688,280.0
2018-07-20,178.99000549316406,279.67999267578125
2018-07-23,179.55999755859375,280.20001220703125
2018-07-24,180.3000030517578,281.6099853515625
2018-07-25,182.82000732421875,284.010009765625
2018-07-26,180.0500030517578,283.3399963378906
2018-07-27,177.6199951171875,281.4200134277344
2018-07-30,175.11000061035156,279.95001220703125
2018-07-31,176.4499969482422,281.3299865722656
2018-08-01,177.1199951171875,280.8599853515625
2018-08-02,179.52999877929688,282.3900146484375
2018-08-03,180.0800018310547,283.6000061035156
2018-08-06,181.13999938964844,284.6400146484375
2018-08-07,181.8000030517578,285.5799865722656
2018-08-08,182.02000427246094,285.4599914550781
2018-08-09,181.91000366210938,285.07000732421875
2018-08-10,180.52000427246094,283.1600036621094
2018-08-13,180.32000732421875,282.1000061035156
2018-08-14,181.4499969482422,283.8999938964844
2018-08-15,179.22999572753906,281.7799987792969
2018-08-16,179.82000732421875,284.05999755859375
2018-08-17,179.86000061035156,285.05999755859375
2018-08-20,179.6999969482422,285.6700134277344
2018-08-21,180.36000061035156,286.3399963378906
2018-08-22,181.05999755859375,286.1700134277344
2018-08-23,180.8000030517578,285.7900085449219
2018-08-24,182.47999572753906,287.510009765625
2018-08-27,184.33999633789062,289.7799987792969
2018-08-28,184.61000061035156,289.9200134277344
2018-08-29,186.74000549316406,291.4800109863281
2018-08-30,186.41000366210938,290.29998779296875
2018-08-31,186.64999389648438,290.30999755859375
2018-09-04,185.85000610351562,289.80999755859375
2018-09-05,183.4499969482422,289.0299987792969
2018-09-06,181.80999755859375,288.1600036621094
2018-09-07,181.11000061035156,287.6000061035156
2018-09-10,181.72000122070312,288.1000061035156
2018-09-11,183.1199951171875,289.04998779296875
2018-09-12,182.5800018310547,289.1199951171875
2018-09-13,184.52999877929688,290.8299865722656
2018-09-14,183.99000549316406,290.8800048828125
2018-09-17,181.33999633789062,289.3399963378906
2018-09-18,182.83999633789062,290.9100036621094
2018-09-19,182.6999969482422,291.2200012207031
2018-09-20,184.72000122070312,293.5799865722656
2018-09-21,183.7100067138672,291.989990234375
2018-09-24,183.88999938964844,291.0199890136719
2018-09-25,184.13999938964844,290.75
2018-09-26,184.27000427246094,289.8800048828125
2018-09-27,185.8300018310547,290.69000244140625
2018-09-28,185.7899932861328,290.7200012207031
2018-10-01,186.1699981689453,291.7300109863281
2018-10-02,185.75,291.55999755859375
2018-10-03,185.9499969482422,291.7200012207031
2018-10-04,182.3800048828125,289.44000244140625
2018-10-05,180.14999389648438,287.82000732421875
2018-10-08,179.0500030517578,287.82000732421875
2018-10-09,179.6300048828125,287.3999938964844
2018-10-10,171.72999572753906,278.29998779296875
2018-10-11,169.60000610351562,272.1700134277344
2018-10-12,174.32000732421875,275.95001220703125
2018-10-15,172.2100067138672,274.3999938964844
2018-10-16,177.22000122070312,280.3999938964844
2018-10-17,177.2899932861328,280.45001220703125
2018-10-18,173.17999267578125,276.3999938964844
2018-10-19,173.02000427246094,276.25
2018-10-22,173.91000366210938,275.010009765625
2018-10-23,173.27000427246094,273.6099853515625
2018-10-24,165.33999633789062,265.32000732421875
2018-10-25,171.05999755859375,270.0799865722656
2018-10-26,166.66000366210938,265.3299865722656
2018-10-29,163.22999572753906,263.8599853515625
2018-10-30,165.9199981689453,267.7699890136719
2018-10-31,169.82000732421875,270.6300048828125
2018-11-01,172.05999755859375,273.510009765625
2018-11-02,169.3800048828125,271.8900146484375
2018-11-05,168.9600067138672,273.3900146484375
2018-11-06,170.24000549316406,275.1199951171875
2018-11-07,175.5800018310547,281.010009765625
2018-11-08,174.4600067138672,280.5
2018-11-09,171.52000427246094,277.760009765625
2018-11-12,166.3300018310547,272.57000732421875
2018-11-13,166.47000122070312,272.05999755859375
2018-11-14,165.1999969482422,270.20001220703125
2018-11-15,168.08999633789062,273.0199890136719
2018-11-16,167.5,273.7300109863281
2018-11-19,162.05999755859375,269.1000061035156
2018-11-20,159.16000366210938,264.1199951171875
2018-11-21,160.3699951171875,265.0199890136719
2018-11-23,159.2100067138672,263.25
2018-11-26,162.88999938964844,267.5
2018-11-27,163.44000244140625,268.3999938964844
2018-11-28,168.6999969482422,274.5799865722656
2018-11-29,168.14999389648438,273.9800109863281
2018-11-30,169.3699951171875,275.6499938964844
2018-12-03,172.3300018310547,279.29998779296875
2018-12-04,165.72000122070312,270.25
2018-12-06,166.88999938964844,269.8399963378906
2018-12-07,161.3800048828125,263.57000732421875
2018-12-10,163.07000732421875,264.07000732421875
2018-12-11,163.61000061035156,264.1300048828125
2018-12-12,165.0500030517578,265.4599914550781
2018-12-13,165.10000610351562,265.3699951171875
2018-12-14,161.0800018310547,260.4700012207031
2018-12-17,157.42999267578125,255.36000061035156
2018-12-18,158.4199981689453,255.0800018310547
2018-12-19,154.52999877929688,251.25999450683594
2018-12-20,152.2899932861328,247.1699981689453
2018-12-21,147.57000732421875,240.6999969482422
2018-12-24,143.5,234.33999633789062
2018-12-26,152.4600067138672,246.17999267578125
2018-12-27,153.0500030517578,248.07000732421875
2018-12-28,152.97000122070312,247.75
2018-12-31,154.25999450683594,249.9199981689453
2019-01-02,154.8800048828125,250.17999267578125
2019-01-03,149.82000732421875,244.2100067138672
2019-01-04,156.22999572753906,252.38999938964844
2019-01-07,158.08999633789062,254.3800048828125
2019-01-08,159.52000427246094,256.7699890136719
2019-01-09,160.82000732421875,257.9700012207031
2019-01-10,161.27999877929688,258.8800048828125
2019-01-11,160.69000244140625,258.9800109863281
2019-01-14,159.27000427246094,257.3999938964844
2019-01-15,162.3800048828125,260.3500061035156
2019-01-16,162.35000610351562,260.9800109863281
2019-01-17,163.6300048828125,262.9599914550781
2019-01-18,165.25,266.4599914550781
2019-01-22,161.94000244140625,262.8599853515625
2019-01-23,162.14999389648438,263.4100036621094
2019-01-24,163.1999969482422,263.54998779296875
2019-01-25,165.14999389648438,265.7799987792969
2019-01-28,163.11000061035156,263.760009765625
2019-01-29,161.57000732421875,263.4100036621094
2019-01-30,165.67999267578125,267.5799865722656
2019-01-31,168.16000366210938,269.92999267578125
2019-02-01,167.4499969482422,270.05999755859375
2019-02-04,169.52999877929688,271.9599914550781
2019-02-05,171.02999877929688,273.1000061035156
2019-02-06,170.52000427246094,272.739990234375
2019-02-07,168.22999572753906,270.1400146484375
2019-02-08,168.55999755859375,270.4700012207031
2019-02-11,168.39999389648438,270.6199951171875
2019-02-12,170.88999938964844,274.1000061035156
2019-02-13,171.00999450683594,274.989990234375
2019-02-14,171.22000122070312,274.3800048828125
2019-02-15,171.94000244140625,277.3699951171875
2019-02-19,172.27999877929688,277.8500061035156
2019-02-20,172.25,278.4100036621094
2019-02-21,171.6199951171875,277.4200134277344
2019-02-22,172.88999938964844,279.1400146484375
2019-02-25,173.52000427246094,279.5199890136719
2019-02-26,173.6999969482422,279.32000732421875
2019-02-27,173.58999633789062,279.20001220703125
2019-02-28,173.19000244140625,278.67999267578125
2019-03-01,174.38999938964844,280.4200134277344
2019-03-04,174.4199981689453,279.3999938964844
2019-03-05,174.5500030517578,279.0199890136719
2019-03-06,173.55999755859375,277.3299865722656
2019-03-07,171.42999267578125,275.010009765625
2019-03-08,171.1699981689453,274.4599914550781
2019-03-11,174.72999572753906,278.44000244140625
2019-03-12,175.69000244140625,279.489990234375
2019-03-13,177.00999450683594,281.3399963378906
2019-03-14,176.7100067138672,281.1600036621094
2019-03-15,178.35000610351562,281.30999755859375
2019-03-18,178.4499969482422,282.3299865722656
2019-03-19,179.0500030517578,282.3999938964844
2019-03-20,179.75999450683594,281.54998779296875
2019-03-21,182.57000732421875,284.7300109863281
2019-03-22,178.55999755859375,279.25
2019-03-25,178.22000122070312,279.0400085449219
2019-03-26,179.0500030517578,281.1199951171875
2019-03-27,177.89999389648438,279.6499938964844
2019-03-28,178.30999755859375,280.7099914550781
2019-03-29,179.66000366210938,282.4800109863281
2019-04-01,182.0399932861328,285.8299865722656
2019-04-02,182.72999572753906,285.9700012207031
2019-04-03,183.77999877929688,286.4200134277344
2019-04-04,183.7100067138672,287.17999267578125
2019-04-05,184.66000366210938,288.57000732421875
2019-04-08,185.1300048828125,288.7900085449219
2019-04-09,184.47999572753906,287.30999755859375
2019-04-10,185.47000122070312,288.2900085449219
2019-04-11,185.02999877929688,288.2099914550781
2019-04-12,185.8300018310547,290.1600036621094
2019-04-15,185.86000061035156,289.9700012207031
2019-04-16,186.5,290.1600036621094
2019-04-17,187.14999389648438,289.45001220703125
2019-04-18,187.38999938964844,290.0199890136719
2019-04-22,187.9199981689453,290.2699890136719
2019-04-23,190.30999755859375,292.8800048828125
2019-04-24,189.7100067138672,292.2300109863281
2019-04-25,190.47999572753906,292.04998779296875
2019-04-26,190.64999389648438,293.4100036621094
2019-04-29,191.02000427246094,293.8699951171875
2019-04-30,189.5399932861328,294.0199890136719
2019-05-01,188.92999267578125,291.80999755859375
2019-05-02,188.11000061035156,291.17999267578125
2019-05-03,191.11000061035156,294.0299987792969
2019-05-06,189.94000244140625,292.82000732421875
2019-05-07,186.24000549316406,287.92999267578125
2019-05-08,185.77000427246094,287.5299987792969
2019-05-09,184.77000427246094,286.6600036621094
2019-05-10,185.0,288.1000061035156
2019-05-13,178.5800018310547,280.8599853515625
2019-05-14,180.5399932861328,283.3999938964844
2019-05-15,183.08999633789062,285.05999755859375
2019-05-16,184.92999267578125,287.70001220703125
2019-05-17,183.0399932861328,285.8399963378906
2019-05-20,179.9499969482422,283.95001220703125
2019-05-21,181.8300018310547,286.510009765625
2019-05-22,181.02000427246094,285.6300048828125
2019-05-23,178.25,282.1400146484375
2019-05-24,178.16000366210938,282.7799987792969
2019-05-28,177.49000549316406,280.1499938964844
2019-05-29,176.02999877929688,278.2699890136719
2019-05-30,176.77000427246094,279.0299987792969
2019-05-31,173.9499969482422,275.2699890136719
2019-06-03,170.1199951171875,274.57000732421875
2019-06-04,174.91000366210938,280.5299987792969
2019-06-05,176.2100067138672,282.9599914550781
2019-06-06,177.61000061035156,284.79998779296875
2019-06-07,181.0399932861328,287.6499938964844
2019-06-10,183.14999389648438,288.9700012207031
2019-06-11,183.39999389648438,288.8999938964844
2019-06-12,182.33999633789062,288.3900146484375
2019-06-13,183.4199981689453,289.5799865722656
2019-06-14,182.63999938964844,289.260009765625
2019-06-17,183.74000549316406,289.3699951171875
2019-06-18,186.41000366210938,292.3999938964844
2019-06-19,187.11000061035156,293.05999755859375
2019-06-20,188.85000610351562,295.8599853515625
2019-06-21,188.57000732421875,294.0
2019-06-24,188.16000366210938,293.6400146484375
2019-06-25,184.92999267578125,290.760009765625
2019-06-26,185.7899932861328,290.4700012207031
2019-06-27,186.5,291.5
2019-06-28,186.74000549316406,293.0
2019-07-01,189.25999450683594,295.6600036621094
2019-07-02,190.00999450683594,296.42999267578125
2019-07-03,191.44000244140625,298.79998779296875
2019-07-05,191.0500030517578,298.4599914550781
2019-07-08,189.7100067138672,296.82000732421875
2019-07-09,190.66000366210938,297.19000244140625
2019-07-10,192.55999755859375,298.6099853515625
2019-07-11,192.4199981689453,299.30999755859375
2019-07-12,193.52999877929688,300.6499938964844
2019-07-15,194.14999389648438,300.75
2019-07-16,193.14999389648438,299.7799987792969
2019-07-17,192.1999969482422,297.739990234375
2019-07-18,192.4199981689453,298.8299865722656
2019-07-19,191.00999450683594,297.1700134277344
2019-07-22,192.52999877929688,297.8999938964844
2019-07-23,193.7899932861328,300.0299987792969
2019-07-24,195.14999389648438,301.44000244140625
2019-07-25,193.3000030517578,300.0
2019-07-26,195.2899932861328,302.010009765625
2019-07-29,194.6199951171875,301.4599914550781
2019-07-30,193.77999877929688,300.7200012207031
2019-07-31,191.10000610351562,297.42999267578125
2019-08-01,190.14999389648438,294.8399963378906
2019-08-02,187.35000610351562,292.6199951171875
2019-08-05,180.72999572753906,283.82000732421875
2019-08-06,183.25999450683594,287.79998779296875
2019-08-07,184.25,287.9700012207031
2019-08-08,188.25999450683594,293.6199951171875
2019-08-09,186.49000549316406,291.6199951171875
2019-08-12,184.35000610351562,288.07000732421875
2019-08-13,188.38999938964844,292.54998779296875
2019-08-14,182.75999450683594,283.8999938964844
2019-08-15,182.5500030517578,284.6499938964844
2019-08-16,185.47999572753906,288.8500061035156
2019-08-19,188.42999267578125,292.3299865722656
2019-08-20,186.97000122070312,290.0899963378906
2019-08-21,188.6300048828125,292.45001220703125
2019-08-22,188.02000427246094,292.3599853515625
2019-08-23,182.07000732421875,284.8500061035156
2019-08-26,184.82000732421875,288.0
2019-08-27,184.42999267578125,286.8699951171875
2019-08-28,185.08999633789062,288.8900146484375
2019-08-29,187.9199981689453,292.5799865722656
2019-08-30,187.47000122070312,292.45001220703125
2019-09-03,185.64999389648438,290.739990234375
2019-09-04,188.3300018310547,294.0400085449219
2019-09-05,191.77999877929688,297.82000732421875
2019-09-06,191.58999633789062,298.04998779296875
2019-09-09,191.19000244140625,298.20001220703125
2019-09-10,190.63999938964844,298.1300048828125
2019-09-11,192.42999267578125,300.25
2019-09-12,193.22999572753906,301.2900085449219
2019-09-13,192.5399932861328,301.0899963378906
2019-09-16,191.67999267578125,300.1600036621094
2019-09-17,192.60000610351562,300.9200134277344
2019-09-18,192.52000427246094,301.1000061035156
2019-09-19,192.83999633789062,301.0799865722656
2019-09-20,190.8000030517578,298.2799987792969
2019-09-23,190.5,298.2099914550781
2019-09-24,187.97000122070312,295.8699951171875
2019-09-25,190.0800018310547,297.6199951171875
2019-09-26,189.3800048828125,297.0
2019-09-27,187.02999877929688,295.3999938964844
2019-09-30,188.80999755859375,296.7699890136719
2019-10-01,187.27000427246094,293.239990234375
2019-10-02,184.0500030517578,288.05999755859375
2019-10-03,186.07000732421875,290.4200134277344
2019-10-04,188.80999755859375,294.3500061035156
2019-10-07,188.24000549316406,293.0799865722656
2019-10-08,185.4199981689453,288.5299987792969
2019-10-09,187.22999572753906,291.2699890136719
2019-10-10,188.67999267578125,293.239990234375
2019-10-11,191.11000061035156,296.2799987792969
2019-10-14,191.08999633789062,295.95001220703125
2019-10-15,193.52000427246094,298.8800048828125
2019-10-16,193.0399932861328,298.3999938964844
2019-10-17,193.5500030517578,299.2799987792969
2019-10-18,191.69000244140625,297.9700012207031
2019-10-21,193.38999938964844,299.989990234375
2019-10-22,191.85000610351562,299.010009765625
2019-10-23,192.22000122070312,299.8800048828125
2019-10-24,194.08999633789062,300.3699951171875
2019-10-25,195.63999938964844,301.6000061035156
2019-10-28,197.57000732421875,303.29998779296875
2019-10-29,196.0399932861328,303.2099914550781
2019-10-30,196.99000549316406,304.1400146484375
2019-10-31,197.0800018310547,303.3299865722656
2019-11-01,198.8699951171875,306.1400146484375
2019-11-04,200.10000610351562,307.3699951171875
2019-11-05,200.2100067138672,307.0299987792969
2019-11-06,199.75999450683594,307.1000061035156
2019-11-07,200.42999267578125,308.17999267578125
2019-11-08,201.22999572753906,308.94000244140625
2019-11-11,200.9600067138672,308.3500061035156
2019-11-12,201.5399932861328,309.0
2019-11-13,201.58999633789062,309.1000061035156
2019-11-14,201.42999267578125,309.54998779296875
2019-11-15,202.91000366210938,311.7900085449219
2019-11-18,203.07000732421875,312.0199890136719
2019-11-19,203.3699951171875,311.92999267578125
2019-11-20,202.14999389648438,310.7699890136719
2019-11-21,201.6999969482422,310.2699890136719
2019-11-22,201.8300018310547,310.9599914550781
2019-11-25,204.22000122070312,313.3699951171875
2019-11-26,204.61000061035156,314.0799865722656
2019-11-27,206.0399932861328,315.4800109863281
2019-11-29,205.10000610351562,314.30999755859375
2019-12-02,203.0,311.6400146484375
2019-12-03,201.41000366210938,309.54998779296875
2019-12-04,202.42999267578125,311.4599914550781
2019-12-05,202.8300018310547,312.0199890136719
2019-12-06,205.0,314.8699951171875
2019-12-09,204.07000732421875,313.8800048828125
2019-12-10,203.89999389648438,313.5299987792969
2019-12-11,204.97999572753906,314.4200134277344
2019-12-12,206.50999450683594,317.1300048828125
2019-12-13,207.19000244140625,317.32000732421875
2019-12-16,209.27000427246094,319.5
2019-12-17,209.38999938964844,319.57000732421875
2019-12-18,209.5500030517578,319.5899963378906
2019-12-19,210.86000061035156,320.8999938964844
2019-12-20,211.7100067138672,320.7300109863281
2019-12-23,211.80999755859375,321.2200012207031
2019-12-24,211.9199981689453,321.2300109863281
2019-12-26,213.7899932861328,322.94000244140625
2019-12-27,213.61000061035156,322.8599853515625
2019-12-30,212.2100067138672,321.0799865722656
2019-12-31,212.61000061035156,321.8599853515625
2020-01-02,216.16000366210938,324.8699951171875
2020-01-03,214.17999267578125,322.4100036621094
2020-01-06,215.55999755859375,323.6400146484375
2020-01-07,215.52999877929688,322.7300109863281
2020-01-08,217.14999389648438,324.45001220703125
2020-01-09,218.99000549316406,326.6499938964844
2020-01-10,218.42999267578125,325.7099914550781
2020-01-13,220.9499969482422,327.95001220703125
2020-01-14,220.0800018310547,327.45001220703125
2020-01-15,220.1699981689453,328.19000244140625
2020-01-16,222.27999877929688,330.9200134277344
2020-01-17,223.3800048828125,331.95001220703125
2020-01-21,223.27999877929688,331.29998779296875
2020-01-22,223.8699951171875,331.3399963378906
2020-01-23,224.58999633789062,331.7200012207031
2020-01-24,222.6999969482422,328.7699890136719
2020-01-27,218.10000610351562,323.5
2020-01-28,221.4499969482422,326.8900146484375
2020-01-29,221.80999755859375,326.6199951171875
2020-01-30,222.60000610351562,327.67999267578125
2020-01-31,219.07000732421875,321.7300109863281
2020-02-03,222.3800048828125,324.1199951171875
2020-02-04,227.47000122070312,329.05999755859375
2020-02-05,228.22000122070312,332.8599853515625
2020-02-06,230.19000244140625,333.9800109863281
2020-02-07,229.1999969482422,332.20001220703125
2020-02-10,231.97000122070312,334.67999267578125
2020-02-11,232.00999450683594,335.260009765625
2020-02-12,234.27000427246094,337.4200134277344
2020-02-13,233.97000122070312,337.05999755859375
2020-02-14,234.63999938964844,337.6000061035156
2020-02-18,234.72999572753906,336.7300109863281
2020-02-19,236.97999572753906,338.3399963378906
2020-02-20,234.77999877929688,336.95001220703125
2020-02-21,230.27000427246094,333.4800109863281
2020-02-24,221.38999938964844,322.4200134277344
2020-02-25,215.3699951171875,312.6499938964844
2020-02-26,216.47999572753906,311.5
2020-02-27,205.63999938964844,297.510009765625
2020-02-28,205.8000030517578,296.260009765625
2020-03-02,216.4199981689453,309.0899963378906
2020-03-03,209.47999572753906,300.239990234375
2020-03-04,218.22000122070312,312.8599853515625
2020-03-05,211.58999633789062,302.4599914550781
2020-03-06,208.02000427246094,297.4599914550781
2020-03-09,193.57000732421875,274.2300109863281
2020-03-10,204.11000061035156,288.4200134277344
2020-03-11,195.22000122070312,274.3599853515625
2020-03-12,177.32000732421875,248.11000061035156
2020-03-13,192.33999633789062,269.32000732421875
2020-03-16,169.3000030517578,239.85000610351562
2020-03-17,182.13999938964844,252.8000030517578
2020-03-18,176.60000610351562,240.0
2020-03-19,177.66000366210938,240.50999450683594
2020-03-20,170.6999969482422,228.8000030517578
2020-03-23,170.4600067138672,222.9499969482422
2020-03-24,183.66000366210938,243.14999389648438
2020-03-25,182.3000030517578,246.7899932861328
2020-03-26,191.89999389648438,261.20001220703125
2020-03-27,185.3000030517578,253.4199981689453
2020-03-30,192.0399932861328,261.6499938964844
2020-03-31,190.39999389648438,257.75
2020-04-01,182.30999755859375,246.14999389648438
2020-04-02,186.00999450683594,251.8300018310547
2020-04-03,183.3699951171875,248.19000244140625
2020-04-06,196.47999572753906,264.8599853515625
2020-04-07,196.39999389648438,265.1300048828125
2020-04-08,200.57000732421875,274.0299987792969
2020-04-09,200.86000061035156,278.20001220703125
2020-04-13,203.02999877929688,275.6600036621094
2020-04-14,211.86000061035156,283.7900085449219
2020-04-15,209.42999267578125,277.760009765625
2020-04-16,213.25,279.1000061035156
2020-04-17,215.2899932861328,286.6400146484375
2020-04-20,212.74000549316406,281.5899963378906
2020-04-21,204.88999938964844,273.0400085449219
2020-04-22,210.97000122070312,279.1000061035156
2020-04-23,210.52000427246094,279.0799865722656
2020-04-24,213.83999633789062,282.9700012207031
2020-04-27,215.55999755859375,287.04998779296875
2020-04-28,211.5,285.7300109863281
2020-04-29,219.0,293.2099914550781
2020-04-30,218.91000366210938,290.4800109863281
2020-05-01,212.74000549316406,282.7900085449219
2020-05-04,215.22000122070312,283.57000732421875
2020-05-05,217.66000366210938,286.19000244140625
2020-05-06,219.0,284.25
2020-05-07,221.82000732421875,287.67999267578125
2020-05-08,224.86000061035156,292.44000244140625
2020-05-11,226.8699951171875,292.5
2020-05-12,222.1199951171875,286.6700134277344
2020-05-13,219.33999633789062,281.6000061035156
2020-05-14,221.8300018310547,284.9700012207031
2020-05-15,223.27000427246094,286.2799987792969
2020-05-18,227.42999267578125,295.0
2020-05-19,226.86000061035156,291.9700012207031
2020-05-20,231.38999938964844,296.92999267578125
2020-05-21,228.8699951171875,294.8800048828125
2020-05-22,229.66000366210938,295.44000244140625
2020-05-26,229.0399932861328,299.0799865722656
2020-05-27,230.2899932861328,303.5299987792969
2020-05-28,229.99000549316406,302.9700012207031
2020-05-29,233.36000061035156,304.32000732421875
2020-06-01,234.05999755859375,305.54998779296875
2020-06-02,235.6300048828125,308.0799865722656
2020-06-03,236.69000244140625,312.17999267578125
2020-06-04,235.02999877929688,311.3599853515625
2020-06-05,239.69000244140625,319.3399963378906
2020-06-08,241.5500030517578,323.20001220703125
2020-06-09,243.3000030517578,320.7900085449219
2020-06-10,246.22000122070312,319.0
2020-06-11,234.02000427246094,300.6099853515625
2020-06-12,235.8800048828125,304.2099914550781
2020-06-15,238.75,307.04998779296875
2020-06-16,242.85000610351562,312.9599914550781
2020-06-17,243.6199951171875,311.6600036621094
2020-06-18,244.27999877929688,311.7799987792969
2020-06-19,244.24000549316406,308.6400146484375
2020-06-22,246.74000549316406,310.6199951171875
2020-06-23,248.83999633789062,312.04998779296875
2020-06-24,243.7100067138672,304.0899963378906
2020-06-25,246.02999877929688,307.3500061035156
2020-06-26,240.22000122070312,300.04998779296875
2020-06-29,242.83999633789062,304.4599914550781
2020-06-30,247.60000610351562,308.3599853515625
2020-07-01,250.49000549316406,310.5199890136719
2020-07-02,252.19000244140625,312.2300109863281
2020-07-06,258.3900146484375,317.04998779296875
2020-07-07,256.6099853515625,313.7799987792969
2020-07-08,259.989990234375,316.17999267578125
2020-07-09,262.17999267578125,314.3800048828125
2020-07-10,263.9700012207031,317.5899963378906
2020-07-13,258.5400085449219,314.8399963378906
2020-07-14,260.3699951171875,318.9200134277344
2020-07-15,260.8999938964844,321.8500061035156
2020-07-16,259.1199951171875,320.7900085449219
2020-07-17,259.4200134277344,321.7200012207031
2020-07-20,266.7799987792969,324.32000732421875
2020-07-21,264.0,325.010009765625
2020-07-22,264.92999267578125,326.8599853515625
2020-07-23,258.010009765625,322.9599914550781
2020-07-24,255.55999755859375,320.8800048828125
2020-07-27,260.1199951171875,323.2200012207031
2020-07-28,256.80999755859375,321.1700134277344
2020-07-29,259.7699890136719,325.1199951171875
2020-07-30,261.1300048828125,323.9599914550781
2020-07-31,265.7900085449219,326.5199890136719
2020-08-03,269.3800048828125,328.7900085449219
2020-08-04,270.3800048828125,330.05999755859375
2020-08-05,271.04998779296875,332.1099853515625
2020-08-06,274.6400146484375,334.3299865722656
2020-08-07,271.4700012207031,334.57000732421875
2020-08-10,270.30999755859375,335.57000732421875
2020-08-11,265.19000244140625,332.79998779296875
2020-08-12,271.8599853515625,337.44000244140625
2020-08-13,272.4800109863281,336.8299865722656
2020-08-14,272.1600036621094,336.8399963378906
2020-08-17,275.32000732421875,337.9100036621094
2020-08-18,277.9700012207031,338.6400146484375
2020-08-19,276.1000061035156,337.2300109863281
2020-08-20,279.92999267578125,338.2799987792969
2020-08-21,281.8699951171875,339.4800109863281
2020-08-24,283.6300048828125,342.9200134277344
2020-08-25,285.8599853515625,344.1199951171875
2020-08-26,291.9599914550781,347.57000732421875
2020-08-27,291.04998779296875,348.3299865722656
2020-08-28,292.5299987792969,350.5799865722656
2020-08-31,294.8800048828125,349.30999755859375
2020-09-01,299.9200134277344,352.6000061035156
2020-09-02,302.760009765625,357.70001220703125
2020-09-03,287.4100036621094,345.3900146484375
2020-09-04,283.5799865722656,342.57000732421875
2020-09-08,269.95001220703125,333.2099914550781
2020-09-09,277.8800048828125,339.7900085449219
2020-09-10,272.3399963378906,333.8900146484375
2020-09-11,270.45001220703125,334.05999755859375
2020-09-14,275.1600036621094,338.4599914550781
2020-09-15,279.05999755859375,340.1700134277344
2020-09-16,274.6099853515625,338.82000732421875
2020-09-17,270.32000732421875,335.8399963378906
2020-09-18,266.8699951171875,330.6499938964844
2020-09-21,267.510009765625,326.9700012207031
2020-09-22,272.4800109863281,330.29998779296875
2020-09-23,264.1600036621094,322.6400146484375
2020-09-24,265.3900146484375,323.5
2020-09-25,271.55999755859375,328.7300109863281
2020-09-28,277.20001220703125,334.19000244140625
2020-09-29,275.95001220703125,332.3699951171875
2020-09-30,277.8399963378906,334.8900146484375
2020-10-01,282.25,337.0400085449219
2020-10-02,274.30999755859375,333.8399963378906
2020-10-05,280.1600036621094,339.760009765625
2020-10-06,275.1600036621094,334.92999267578125
2020-10-07,279.9200134277344,340.760009765625
2020-10-08,281.4100036621094,343.7799987792969
2020-10-09,285.7099914550781,346.8500061035156
2020-10-12,294.5299987792969,352.42999267578125
2020-10-13,294.5199890136719,350.1300048828125
2020-10-14,292.05999755859375,347.92999267578125
2020-10-15,290.1000061035156,347.5
2020-10-16,288.510009765625,347.2900085449219
2020-10-19,283.79998779296875,342.010009765625
2020-10-20,284.4100036621094,343.3800048828125
2020-10-21,284.19000244140625,342.7300109863281
2020-10-22,284.17999267578125,344.6099853515625
2020-10-23,284.739990234375,345.7799987792969
2020-10-26,280.4700012207031,339.3900146484375
2020-10-27,282.6600036621094,338.2200012207031
2020-10-28,271.6400146484375,326.6600036621094
2020-10-29,276.3900146484375,329.9800109863281
2020-10-30,269.3800048828125,326.5400085449219
2020-11-02,269.9800109863281,330.20001220703125
2020-11-03,274.6499938964844,336.0299987792969
2020-11-04,286.9100036621094,343.5400085449219
2020-11-05,294.3900146484375,350.239990234375
2020-11-06,294.6099853515625,350.1600036621094
2020-11-09,288.5899963378906,354.55999755859375
2020-11-10,283.4200134277344,354.0400085449219
2020-11-11,289.760009765625,356.6700134277344
2020-11-12,288.3999938964844,353.2099914550781
2020-11-13,290.92999267578125,358.1000061035156
2020-11-16,293.20001220703125,362.57000732421875
2020-11-17,292.2699890136719,360.6199951171875
2020-11-18,290.1099853515625,356.2799987792969
2020-11-19,292.3800048828125,357.7799987792969
2020-11-20,290.3800048828125,355.3299865722656
2020-11-23,290.3900146484375,357.4599914550781
2020-11-24,294.4700012207031,363.2200012207031
2020-11-25,296.2799987792969,362.6600036621094
2020-11-27,299.010009765625,363.6700134277344
2020-11-30,299.6199951171875,362.05999755859375
2020-12-01,303.4599914550781,366.0199890136719
2020-12-02,303.8500061035156,366.7900085449219
2020-12-03,304.2799987792969,366.69000244140625
2020-12-04,305.5199890136719,369.8500061035156
2020-12-07,307.25,369.0899963378906
2020-12-08,308.2900085449219,370.1700134277344
2020-12-09,301.30999755859375,366.8500061035156
2020-12-10,302.5199890136719,366.7300109863281
2020-12-11,301.8500061035156,366.29998779296875
2020-12-14,304.0400085449219,364.6600036621094
2020-12-15,307.2900085449219,369.5899963378906
2020-12-16,308.9800109863281,370.1700134277344
2020-12-17,311.0,372.239990234375
2020-12-18,310.05999755859375,369.17999267578125
2020-12-21,308.9200134277344,367.8599853515625
2020-12-22,309.760009765625,367.239990234375
2020-12-23,308.20001220703125,367.57000732421875
2020-12-24,309.55999755859375,369.0
2020-12-28,312.67999267578125,372.1700134277344
2020-12-29,312.9599914550781,371.4599914550781
2020-12-30,312.9700012207031,371.989990234375
2020-12-31,313.739990234375,373.8800048828125
2021-01-04,309.30999755859375,368.7900085449219
2021-01-05,311.8599853515625,371.3299865722656
2021-01-06,307.5400085449219,373.54998779296875
2021-01-07,314.9800109863281,379.1000061035156
2021-01-08,319.0299987792969,381.260009765625
2021-01-11,314.4200134277344,378.69000244140625
2021-01-12,313.9200134277344,378.7699890136719
2021-01-13,316.0400085449219,379.7900085449219
2021-01-14,314.3500061035156,378.4599914550781
2021-01-15,311.8599853515625,375.70001220703125
2021-01-19,316.4100036621094,378.6499938964844
2021-01-20,323.7699890136719,383.8900146484375
2021-01-21,326.3599853515625,384.239990234375
2021-01-22,325.4200134277344,382.8800048828125
2021-01-25,328.1099853515625,384.3900146484375
2021-01-26,328.5899963378906,383.7900085449219
2021-01-27,319.42999267578125,374.4100036621094
2021-01-28,321.32000732421875,377.6300048828125
2021-01-29,314.55999755859375,370.07000732421875
2021-02-01,322.4200134277344,376.2300109863281
2021-02-02,327.67999267578125,381.54998779296875
2021-02-03,326.3800048828125,381.8500061035156
2021-02-04,330.239990234375,386.19000244140625
2021-02-05,331.3599853515625,387.7099914550781
2021-02-08,333.5799865722656,390.510009765625
2021-02-09,333.510009765625,390.25
2021-02-10,332.75,390.0799865722656
2021-02-11,334.5799865722656,390.7099914550781
2021-02-12,336.45001220703125,392.6400146484375
2021-02-16,335.5400085449219,392.29998779296875
2021-02-17,333.92999267578125,392.3900146484375
2021-02-18,332.4700012207031,390.7200012207031
2021-02-19,331.0199890136719,390.0299987792969
2021-02-22,322.44000244140625,387.0299987792969
2021-02-23,321.4800109863281,387.5
2021-02-24,324.1300048828125,391.7699890136719
2021-02-25,312.8299865722656,382.3299865722656
2021-02-26,314.1400146484375,380.3599853515625
2021-03-01,323.5899963378906,389.5799865722656
2021-03-02,318.3999938964844,386.5400085449219
2021-03-03,309.1600036621094,381.4200134277344
2021-03-04,304.1000061035156,376.70001220703125
2021-03-05,308.67999267578125,383.6300048828125
2021-03-08,299.94000244140625,381.7200012207031
2021-03-09,311.7699890136719,387.1700134277344
2021-03-10,310.8800048828125,389.5799865722656
2021-03-11,318.0400085449219,393.5299987792969
2021-03-12,315.4599914550781,394.05999755859375
2021-03-15,318.8299865722656,396.4100036621094
2021-03-16,320.5799865722656,395.9100036621094
2021-03-17,321.8999938964844,397.260009765625
2021-03-18,312.0400085449219,391.4800109863281
2021-03-19,313.1400146484375,389.4800109863281
2021-03-22,318.6099853515625,392.5899963378906
2021-03-23,317.2200012207031,389.5
2021-03-24,311.8699951171875,387.5199890136719
2021-03-25,311.3299865722656,389.70001220703125
2021-03-26,316.0,395.9800109863281
2021-03-29,315.9100036621094,395.7799987792969
2021-03-30,314.32000732421875,394.7300109863281
2021-03-31,319.1300048828125,396.3299865722656
2021-04-01,324.57000732421875,400.6099853515625
2021-04-05,331.04998779296875,406.3599853515625
2021-04-06,330.82000732421875,406.1199951171875
2021-04-07,331.6199951171875,406.5899963378906
2021-04-08,335.0799865722656,408.5199890136719
2021-04-09,337.1099853515625,411.489990234375
2021-04-12,336.6700134277344,411.6400146484375
2021-04-13,340.6000061035156,412.8599853515625
2021-04-14,336.510009765625,411.45001220703125
2021-04-15,341.6099853515625,415.8699951171875
2021-04-16,342.010009765625,417.260009765625
2021-04-19,338.8800048828125,415.2099914550781
2021-04-20,336.4100036621094,412.1700134277344
2021-04-21,339.2900085449219,416.07000732421875
2021-04-22,335.20001220703125,412.2699890136719
2021-04-23,339.4200134277344,416.739990234375
2021-04-26,341.6300048828125,417.6099853515625
2021-04-27,340.1499938964844,417.5199890136719
2021-04-28,339.0,417.3999938964844
2021-04-29,340.2200012207031,420.05999755859375
2021-04-30,337.989990234375,417.29998779296875
2021-05-03,336.19000244140625,418.20001220703125
2021-05-04,330.1400146484375,415.6199951171875
2021-05-05,329.0299987792969,415.75
2021-05-06,331.510009765625,419.07000732421875
2021-05-07,334.20001220703125,422.1199951171875
2021-05-10,325.760009765625,417.94000244140625
2021-05-11,325.30999755859375,414.2099914550781
2021-05-12,316.8900146484375,405.4100036621094
2021-05-13,319.3399963378906,410.2799987792969
2021-05-14,326.3900146484375,416.5799865722656
2021-05-17,324.4100036621094,415.5199890136719
2021-05-18,322.2200012207031,411.94000244140625
2021-05-19,322.5899963378906,410.8599853515625
2021-05-20,328.8299865722656,415.2799987792969
2021-05-21,327.010009765625,414.94000244140625
2021-05-24,332.510009765625,419.1700134277344
2021-05-25,332.9700012207031,418.239990234375
2021-05-26,334.1300048828125,419.07000732421875
2021-05-27,332.8800048828125,419.2900085449219
2021-05-28,333.92999267578125,420.0400085449219
2021-06-01,332.82000732421875,419.6700134277344
2021-06-02,333.4700012207031,420.3299865722656
2021-06-03,330.0,418.7699890136719
2021-06-04,335.6000061035156,422.6000061035156
2021-06-07,336.6000061035156,422.19000244140625
2021-06-08,336.760009765625,422.2799987792969
2021-06-09,336.8399963378906,421.6499938964844
2021-06-10,340.3500061035156,423.6099853515625
2021-06-11,341.239990234375,424.30999755859375
2021-06-14,344.510009765625,425.260009765625
2021-06-15,342.260009765625,424.4800109863281
2021-06-16,341.010009765625,422.1099853515625
2021-06-17,345.3399963378906,421.9700012207031
2021-06-18,342.6300048828125,414.9200134277344
2021-06-21,344.3599853515625,420.8599853515625
2021-06-22,347.57000732421875,423.1099853515625
2021-06-23,347.739990234375,422.6000061035156
2021-06-24,349.8900146484375,425.1000061035156
2021-06-25,349.4599914550781,426.6099853515625
2021-06-28,353.7099914550781,427.4700012207031
2021-06-29,354.989990234375,427.70001220703125
2021-06-30,354.42999267578125,428.05999755859375
2021-07-01,354.57000732421875,430.42999267578125
2021-07-02,358.6400146484375,433.7200012207031
2021-07-06,360.19000244140625,432.92999267578125
2021-07-07,360.95001220703125,434.4599914550781
2021-07-08,358.7699890136719,430.9200134277344
2021-07-09,361.010009765625,435.5199890136719
2021-07-12,362.4200134277344,437.0799865722656
2021-07-13,362.4200134277344,435.5899963378906
2021-07-14,363.07000732421875,436.239990234375
2021-07-15,360.5199890136719,434.75
2021-07-16,357.6000061035156,431.3399963378906
2021-07-19,354.6700134277344,424.9700012207031
2021-07-20,358.7900085449219,431.05999755859375
2021-07-21,361.55999755859375,434.54998779296875
2021-07-22,363.95001220703125,435.4599914550781
2021-07-23,368.20001220703125,439.94000244140625
2021-07-26,368.489990234375,441.0199890136719
2021-07-27,364.42999267578125,439.010009765625
2021-07-28,365.8299865722656,438.8299865722656
2021-07-29,366.4800109863281,440.6499938964844
2021-07-30,364.57000732421875,438.510009765625
2021-08-02,364.6000061035156,437.5899963378906
2021-08-03,366.80999755859375,441.1499938964844
2021-08-04,367.3399963378906,438.9800109863281
2021-08-05,369.6700134277344,441.760009765625
2021-08-06,368.04998779296875,442.489990234375
2021-08-09,368.7300109863281,442.1300048828125
2021-08-10,366.8399963378906,442.67999267578125
2021-08-11,366.2099914550781,443.7799987792969
2021-08-12,367.5299987792969,445.1099853515625
2021-08-13,368.82000732421875,445.9200134277344
2021-08-16,368.9800109863281,446.9700012207031
2021-08-17,365.7300109863281,444.0400085449219
2021-08-18,362.2099914550781,439.17999267578125
2021-08-19,363.9599914550781,439.8599853515625
2021-08-20,367.7300109863281,443.3599853515625
2021-08-23,373.2300109863281,447.260009765625
2021-08-24,374.3699951171875,447.9700012207031
2021-08-25,374.79998779296875,448.9100036621094
2021-08-26,372.4200134277344,446.260009765625
2021-08-27,376.0400085449219,450.25
2021-08-30,380.260009765625,452.2300109863281
2021-08-31,379.95001220703125,451.55999755859375
2021-09-01,380.5799865722656,451.79998779296875
2021-09-02,380.3999938964844,453.19000244140625
2021-09-03,381.57000732421875,453.0799865722656
2021-09-07,382.1099853515625,451.4599914550781
2021-09-08,380.7799987792969,450.9100036621094
2021-09-09,379.4700012207031,448.9800109863281
2021-09-10,376.5899963378906,445.44000244140625
2021-09-13,376.3299865722656,446.5799865722656
2021-09-14,375.260009765625,444.1700134277344
2021-09-15,378.04998779296875,447.8800048828125
2021-09-16,378.30999755859375,447.1700134277344
2021-09-17,373.8299865722656,441.3999938964844
2021-09-20,365.70001220703125,434.0400085449219
2021-09-21,366.1499938964844,433.6300048828125
2021-09-22,369.57000732421875,437.8599853515625
2021-09-23,372.9800109863281,443.17999267578125
2021-09-24,373.3299865722656,443.9100036621094
2021-09-27,370.3500061035156,442.6400146484375
2021-09-28,359.8699951171875,433.7200012207031
2021-09-29,359.2799987792969,434.45001220703125
2021-09-30,357.9599914550781,429.1400146484375
2021-10-01,360.17999267578125,434.239990234375
2021-10-04,352.6199951171875,428.6400146484375
2021-10-05,357.3800048828125,433.1000061035156
2021-10-06,359.6700134277344,434.8999938964844
2021-10-07,362.9700012207031,438.6600036621094
2021-10-08,361.1600036621094,437.8599853515625
2021-10-11,358.3900146484375,434.69000244140625
2021-10-12,357.1400146484375,433.6199951171875
2021-10-13,360.0,435.17999267578125
2021-10-14,366.6300048828125,442.5
2021-10-15,368.94000244140625,445.8699951171875
2021-10-18,372.6499938964844,447.19000244140625
2021-10-19,375.4700012207031,450.6400146484375
2021-10-20,374.9800109863281,452.4100036621094
2021-10-21,377.2699890136719,453.5899963378906
2021-10-22,374.1000061035156,453.1199951171875
2021-10-25,377.92999267578125,455.54998779296875
2021-10-26,379.1199951171875,455.9599914550781
2021-10-27,380.0,453.94000244140625
2021-10-28,384.2200012207031,458.32000732421875
2021-10-29,386.1099853515625,459.25
2021-11-01,387.42999267578125,460.0400085449219
2021-11-02,389.04998779296875,461.8999938964844
2021-11-03,393.17999267578125,464.7200012207031
2021-11-04,398.2200012207031,466.9100036621094
2021-11-05,398.6000061035156,468.5299987792969
2021-11-08,398.05999755859375,468.92999267578125
2021-11-09,395.32000732421875,467.3800048828125
2021-11-10,389.510009765625,463.6199951171875
2021-11-11,390.5899963378906,463.7699890136719
2021-11-12,394.70001220703125,467.2699890136719
2021-11-15,394.6099853515625,467.42999267578125
2021-11-16,397.4200134277344,469.2799987792969
2021-11-17,397.6300048828125,468.1400146484375
2021-11-18,401.75,469.7300109863281
2021-11-19,403.989990234375,468.8900146484375
2021-11-22,399.29998779296875,467.57000732421875
2021-11-23,397.4800109863281,468.19000244140625
2021-11-24,398.760009765625,469.44000244140625
2021-11-26,391.20001220703125,458.9700012207031
2021-11-29,399.69000244140625,464.6000061035156
2021-11-30,393.82000732421875,455.55999755859375
2021-12-01,387.1199951171875,450.5
2021-12-02,389.9100036621094,457.3999938964844
2021-12-03,383.1300048828125,453.4200134277344
2021-12-06,386.20001220703125,458.7900085449219
2021-12-07,397.8299865722656,468.2799987792969
2021-12-08,399.6099853515625,469.5199890136719
2021-12-09,393.7300109863281,466.3500061035156
2021-12-10,398.010009765625,470.739990234375
2021-12-13,392.260009765625,466.57000732421875
2021-12-14,388.20001220703125,463.3599853515625
2021-12-15,397.04998779296875,470.6000061035156
2021-12-16,386.8399963378906,466.45001220703125
2021-12-17,384.9100036621094,459.8699951171875
2021-12-20,380.69000244140625,454.9800109863281
2021-12-21,389.2099914550781,463.05999755859375
2021-12-22,393.95001220703125,467.69000244140625
2021-12-23,396.9200134277344,470.6000061035156
2021-12-27,403.4800109863281,477.260009765625
2021-12-28,401.6099853515625,476.8699951171875
2021-12-29,401.54998779296875,477.4800109863281
2021-12-30,400.3500061035156,476.1600036621094
2021-12-31,397.8500061035156,474.9599914550781
2022-01-03,401.67999267578125,477.7099914550781
2022-01-04,396.4700012207031,477.54998779296875
2022-01-05,384.2900085449219,468.3800048828125
2022-01-06,384.0199890136719,467.94000244140625
2022-01-07,379.8599853515625,466.0899963378906
2022-01-10,380.1099853515625,465.510009765625
2022-01-11,385.82000732421875,469.75
2022-01-12,387.3500061035156,471.0199890136719
2022-01-13,377.6600036621094,464.5299987792969
2022-01-14,380.010009765625,464.7200012207031
2022-01-18,370.54998779296875,456.489990234375
2022-01-19,366.4800109863281,451.75
2022-01-20,361.7200012207031,446.75
2022-01-21,351.69000244140625,437.9800109863281
2022-01-24,353.29998779296875,439.8399963378906
2022-01-25,345.1099853515625,434.4700012207031
2022-01-26,344.57000732421875,433.3800048828125
2022-01-27,341.1000061035156,431.239990234375
2022-01-28,351.79998779296875,441.95001220703125
2022-01-31,363.04998779296875,449.9100036621094
2022-02-01,365.5199890136719,452.95001220703125
2022-02-02,368.489990234375,457.3500061035156
2022-02-03,353.54998779296875,446.6000061035156
2022-02-04,358.010009765625,448.70001220703125
2022-02-07,355.1300048828125,447.260009765625
2022-02-08,359.1199951171875,450.94000244140625
2022-02-09,366.7300109863281,457.5400085449219
2022-02-10,358.42999267578125,449.32000732421875
2022-02-11,347.05999755859375,440.4599914550781
2022-02-14,347.489990234375,439.0199890136719
2022-02-15,356.1300048828125,446.1000061035156
2022-02-16,356.0400085449219,446.6000061035156
2022-02-17,345.45001220703125,437.05999755859375
2022-02-18,341.510009765625,434.2300109863281
2022-02-22,338.0799865722656,429.57000732421875
2022-02-23,329.4200134277344,421.95001220703125
2022-02-24,340.489990234375,428.29998779296875
2022-02-25,345.7699890136719,437.75
2022-02-28,346.79998779296875,436.6300048828125
2022-03-01,341.489990234375,429.9800109863281
2022-03-02,347.2200012207031,437.8900146484375
2022-03-03,342.260009765625,435.7099914550781
2022-03-04,337.29998779296875,432.1700134277344
2022-03-07,324.8599853515625,419.42999267578125
2022-03-08,323.3500061035156,416.25
2022-03-09,334.989990234375,427.4100036621094
2022-03-10,331.2699890136719,425.4800109863281
2022-03-11,324.3999938964844,420.07000732421875
2022-03-14,318.1700134277344,417.0
2022-03-15,328.1499938964844,426.1700134277344
2022-03-16,340.32000732421875,435.6199951171875
2022-03-17,344.44000244140625,441.07000732421875
2022-03-18,351.489990234375,444.5199890136719
2022-03-21,350.0799865722656,444.3900146484375
2022-03-22,356.9599914550781,449.5899963378906
2022-03-23,351.8299865722656,443.79998779296875
2022-03-24,359.6499938964844,450.489990234375
2022-03-25,359.3500061035156,452.69000244140625
2022-03-28,364.9100036621094,455.9100036621094
2022-03-29,371.19000244140625,461.54998779296875
2022-03-30,367.0899963378906,458.70001220703125
2022-03-31,362.5400085449219,451.6400146484375
2022-04-01,361.8500061035156,452.9200134277344
2022-04-04,369.29998779296875,456.79998779296875
2022-04-05,361.1000061035156,451.0299987792969
2022-04-06,353.260009765625,446.5199890136719
2022-04-07,354.1000061035156,448.7699890136719
2022-04-08,349.1499938964844,447.57000732421875
2022-04-11,340.8900146484375,439.9200134277344
2022-04-12,339.45001220703125,438.2900085449219
2022-04-13,346.3500061035156,443.30999755859375
2022-04-14,338.42999267578125,437.7900085449219
2022-04-18,338.69000244140625,437.9700012207031
2022-04-19,346.260009765625,445.0400085449219
2022-04-20,341.2099914550781,444.7099914550781
2022-04-21,334.1499938964844,438.05999755859375
2022-04-22,325.3999938964844,426.0400085449219
2022-04-25,329.5799865722656,428.510009765625
2022-04-26,317.1400146484375,416.1000061035156
2022-04-27,316.760009765625,417.2699890136719
2022-04-28,328.010009765625,427.80999755859375
2022-04-29,313.25,412.0
2022-05-02,318.4800109863281,414.4800109863281
2022-05-03,318.82000732421875,416.3800048828125
2022-05-04,329.6000061035156,429.05999755859375
2022-05-05,313.0,413.80999755859375
2022-05-06,309.25,411.3399963378906
2022-05-09,297.1499938964844,398.1700134277344
2022-05-10,300.760009765625,399.0899963378906
2022-05-11,291.8399963378906,392.75
2022-05-12,291.1499938964844,392.3399963378906
2022-05-13,301.94000244140625,401.7200012207031
2022-05-16,298.44000244140625,400.0899963378906
2022-05-17,306.1700134277344,408.32000732421875
2022-05-18,291.1400146484375,391.8599853515625
2022-05-19,289.5799865722656,389.4599914550781
2022-05-20,288.67999267578125,389.6300048828125
2022-05-23,293.4800109863281,396.9200134277344
2022-05-24,287.239990234375,393.8900146484375
2022-05-25,291.260009765625,397.3699951171875
2022-05-26,299.3299865722656,405.30999755859375
2022-05-27,309.1000061035156,415.260009765625
2022-05-31,308.2799987792969,412.92999267578125
2022-06-01,306.0,409.5899963378906
2022-06-02,314.3800048828125,417.3900146484375
2022-06-03,306.20001220703125,410.5400085449219
2022-06-06,307.2200012207031,411.7900085449219
2022-06-07,309.8699951171875,415.739990234375
2022-06-08,307.6400146484375,411.2200012207031
2022-06-09,299.3999938964844,401.44000244140625
2022-06-10,288.8399963378906,389.79998779296875
2022-06-13,275.4100036621094,375.0
2022-06-14,275.9100036621094,373.8699951171875
2022-06-15,282.79998779296875,379.20001220703125
2022-06-16,271.3900146484375,366.6499938964844
2022-06-17,274.69000244140625,365.8599853515625
2022-06-21,281.0799865722656,375.07000732421875
2022-06-22,280.6700134277344,374.3900146484375
2022-06-23,284.8500061035156,378.05999755859375
2022-06-24,294.6099853515625,390.0799865722656
2022-06-27,292.45001220703125,388.5899963378906
2022-06-28,283.5400085449219,380.6499938964844
2022-06-29,283.79998779296875,380.3399963378906
2022-06-30,280.2799987792969,377.25
2022-07-01,282.1300048828125,381.239990234375
2022-07-05,286.9599914550781,381.9599914550781
2022-07-06,288.79998779296875,383.25
2022-07-07,294.9800109863281,388.989990234375
2022-07-08,295.3500061035156,388.6700134277344
2022-07-11,289.0400085449219,384.2300109863281
2022-07-12,286.239990234375,380.8299865722656
2022-07-13,285.6499938964844,378.8299865722656
2022-07-14,286.6700134277344,377.9100036621094
2022-07-15,291.8699951171875,385.1300048828125
2022-07-18,289.3999938964844,381.95001220703125
2022-07-19,298.29998779296875,392.2699890136719
2022-07-20,303.0299987792969,394.7699890136719
2022-07-21,307.3800048828125,398.7900085449219
2022-07-22,301.989990234375,395.0899963378906
2022-07-25,300.2699890136719,395.57000732421875
2022-07-26,294.3699951171875,390.8900146484375
2022-07-27,306.80999755859375,401.0400085449219
2022-07-28,309.80999755859375,406.07000732421875
2022-07-29,315.4599914550781,411.989990234375
2022-08-01,315.2699890136719,410.7699890136719
2022-08-02,314.3299865722656,408.05999755859375
2022-08-03,322.8900146484375,414.45001220703125
2022-08-04,324.3999938964844,414.1700134277344
2022-08-05,321.75,413.4700012207031
2022-08-08,320.7099914550781,412.989990234375
2022-08-09,317.0799865722656,411.3500061035156
2022-08-10,325.92999267578125,419.989990234375
2022-08-11,324.0799865722656,419.989990234375
2022-08-12,330.3900146484375,427.1000061035156
2022-08-15,333.05999755859375,428.8599853515625
2022-08-16,332.2799987792969,429.70001220703125
2022-08-17,328.489990234375,426.6499938964844
2022-08-18,329.2799987792969,427.8900146484375
2022-08-19,322.8599853515625,422.1400146484375
2022-08-22,314.3599853515625,413.3500061035156
2022-08-23,314.1000061035156,412.3500061035156
2022-08-24,315.010009765625,413.6700134277344
2022-08-25,320.5799865722656,419.510009765625
2022-08-26,307.44000244140625,405.30999755859375
2022-08-29,304.4100036621094,402.6300048828125
2022-08-30,301.0199890136719,398.2099914550781
2022-08-31,299.2699890136719,395.17999267578125
2022-09-01,299.3999938964844,396.4200134277344
2022-09-02,295.1700134277344,392.239990234375
2022-09-06,293.04998779296875,390.760009765625
2022-09-07,298.9700012207031,397.7799987792969
2022-09-08,300.5199890136719,400.3800048828125
2022-09-09,307.0899963378906,406.6000061035156
2022-09-12,310.739990234375,410.9700012207031
2022-09-13,293.70001220703125,393.1000061035156
2022-09-14,296.0299987792969,394.6000061035156
2022-09-15,291.1000061035156,390.1199951171875
2022-09-16,289.32000732421875,385.55999755859375
2022-09-19,291.04998779296875,388.54998779296875
2022-09-20,288.7300109863281,384.0899963378906
2022-09-21,283.55999755859375,377.3900146484375
2022-09-22,280.07000732421875,374.2200012207031
2022-09-23,275.510009765625,367.95001220703125
2022-09-26,274.3699951171875,364.30999755859375
2022-09-27,274.4800109863281,363.3800048828125
2022-09-28,279.94000244140625,370.5299987792969
2022-09-29,271.8699951171875,362.7900085449219
2022-09-30,267.260009765625,357.17999267578125
2022-10-03,273.5299987792969,366.6099853515625
2022-10-04,282.1300048828125,377.9700012207031
2022-10-05,281.9800109863281,377.0899963378906
2022-10-06,279.760009765625,373.20001220703125
2022-10-07,269.1000061035156,362.7900085449219
2022-10-10,266.4100036621094,360.0199890136719
2022-10-11,262.75,357.739990234375
2022-10-12,262.6600036621094,356.55999755859375
2022-10-13,268.82000732421875,365.9700012207031
2022-10-14,260.739990234375,357.6300048828125
2022-10-17,269.3500061035156,366.82000732421875
2022-10-18,271.4800109863281,371.1300048828125
2022-10-19,270.489990234375,368.5
2022-10-20,269.1099853515625,365.4100036621094
2022-10-21,275.4200134277344,374.2900085449219
2022-10-24,278.45001220703125,378.8699951171875
2022-10-25,284.2099914550781,384.9200134277344
2022-10-26,277.92999267578125,382.0199890136719
2022-10-27,272.8699951171875,379.9800109863281
2022-10-28,281.2200012207031,389.0199890136719
2022-10-31,277.95001220703125,386.2099914550781
2022-11-01,275.1099853515625,384.5199890136719
2022-11-02,265.67999267578125,374.8699951171875
2022-11-03,260.489990234375,371.010009765625
2022-11-04,264.67999267578125,376.3500061035156
2022-11-07,267.5899963378906,379.95001220703125
2022-11-08,269.5400085449219,382.0
2022-11-09,263.32000732421875,374.1300048828125
2022-11-10,282.75,394.69000244140625
2022-11-11,287.9599914550781,398.510009765625
2022-11-14,285.44000244140625,395.1199951171875
2022-11-15,289.3900146484375,398.489990234375
2022-11-16,285.44000244140625,395.45001220703125
2022-11-17,284.80999755859375,394.239990234375
2022-11-18,284.82000732421875,396.0299987792969
2022-11-21,281.8900146484375,394.5899963378906
2022-11-22,285.95001220703125,399.8999938964844
2022-11-23,288.82000732421875,402.4200134277344
2022-11-25,286.9200134277344,402.3299865722656
2022-11-28,282.7099914550781,395.9100036621094
2022-11-29,280.57000732421875,395.2300109863281
2022-11-30,293.3599853515625,407.67999267578125
2022-12-01,293.7200012207031,407.3800048828125
2022-12-02,292.54998779296875,406.9100036621094
2022-12-05,287.6400146484375,399.5899963378906
2022-12-06,281.67999267578125,393.8299865722656
2022-12-07,280.5299987792969,393.1600036621094
2022-12-08,283.8500061035156,396.239990234375
2022-12-09,282.0400085449219,393.2799987792969
2022-12-12,285.5799865722656,398.95001220703125
2022-12-13,288.6499938964844,401.9700012207031
2022-12-14,286.510009765625,399.3999938964844
2022-12-15,276.8900146484375,389.6300048828125
2022-12-16,274.25,383.2699890136719
2022-12-19,269.75,380.0199890136719
2022-12-20,269.5400085449219,380.5400085449219
2022-12-21,273.45001220703125,386.2300109863281
2022-12-22,266.760009765625,380.7200012207031
2022-12-23,267.3599853515625,382.9100036621094
2022-12-27,263.5799865722656,381.3999938964844
2022-12-28,260.1000061035156,376.6600036621094
2022-12-29,266.44000244140625,383.44000244140625
2022-12-30,266.2799987792969,382.42999267578125
2023-01-03,264.4800109863281,380.82000732421875
2023-01-04,265.739990234375,383.760009765625
2023-01-05,261.5799865722656,379.3800048828125
2023-01-06,268.79998779296875,388.0799865722656
2023-01-09,270.5400085449219,387.8599853515625
2023-01-10,272.8299865722656,390.5799865722656
2023-01-11,277.54998779296875,395.5199890136719
2023-01-12,279.04998779296875,396.9599914550781
2023-01-13,280.9700012207031,398.5
2023-01-17,281.5400085449219,397.7699890136719
2023-01-18,277.8800048828125,391.489990234375
2023-01-19,275.1499938964844,388.6400146484375
2023-01-20,282.67999267578125,395.8800048828125
2023-01-23,288.9599914550781,400.6300048828125
2023-01-24,288.3699951171875,400.20001220703125
2023-01-25,287.7300109863281,400.3500061035156
2023-01-26,293.3399963378906,404.75
2023-01-27,296.260009765625,405.67999267578125
2023-01-30,290.2699890136719,400.5899963378906
2023-01-31,294.6199951171875,406.4800109863281
2023-02-01,300.9200134277344,410.79998779296875
2023-02-02,311.7200012207031,416.7799987792969
2023-02-03,306.17999267578125,412.3500061035156
2023-02-06,303.5899963378906,409.8299865722656
2023-02-07,309.8800048828125,415.19000244140625
2023-02-08,304.3699951171875,410.6499938964844
2023-02-09,301.67999267578125,407.0899963378906
2023-02-10,299.70001220703125,408.0400085449219
2023-02-13,304.5,412.8299865722656
2023-02-14,306.75,412.6400146484375
2023-02-15,309.1000061035156,413.9800109863281
2023-02-16,303.29998779296875,408.2799987792969
2023-02-17,301.1600036621094,407.260009765625
2023-02-21,294.0299987792969,399.0899963378906
2023-02-22,294.25,398.5400085449219
2023-02-23,296.82000732421875,400.6600036621094
2023-02-24,291.8500061035156,396.3800048828125
2023-02-27,293.94000244140625,397.7300109863281
2023-02-28,293.55999755859375,396.260009765625
2023-03-01,291.20001220703125,394.739990234375
2023-03-02,293.6099853515625,397.80999755859375
2023-03-03,299.67999267578125,404.19000244140625
2023-03-06,300.0199890136719,404.4700012207031
2023-03-07,296.3399963378906,398.2699890136719
2023-03-08,297.82000732421875,398.9200134277344
2023-03-09,292.6600036621094,391.55999755859375
2023-03-10,288.54998779296875,385.9100036621094
2023-03-13,290.69000244140625,385.3599853515625
2023-03-14,297.3699951171875,391.7300109863281
2023-03-15,298.92999267578125,389.2799987792969
2023-03-16,306.80999755859375,396.1099853515625
2023-03-17,305.3599853515625,389.989990234375
2023-03-20,305.9700012207031,393.739990234375
2023-03-21,310.3399963378906,398.9100036621094
2023-03-22,306.1199951171875,392.1099853515625
2023-03-23,309.75,393.1700134277344
2023-03-24,310.8900146484375,395.75
2023-03-27,308.760009765625,396.489990234375
2023-03-28,307.1199951171875,395.6000061035156
2023-03-29,312.7200012207031,401.3500061035156
2023-03-30,315.67999267578125,403.70001220703125
2023-03-31,320.92999267578125,409.3900146484375
2023-04-03,320.1499938964844,410.95001220703125
2023-04-04,319.07000732421875,408.6700134277344
2023-04-05,315.9200134277344,407.6000061035156
2023-04-06,318.04998779296875,409.19000244140625
2023-04-10,317.8699951171875,409.6099853515625
2023-04-11,315.8299865722656,409.7200012207031
2023-04-12,313.0400085449219,408.04998779296875
2023-04-13,319.1700134277344,413.4700012207031
2023-04-14,318.57000732421875,412.4599914550781
2023-04-17,318.8399963378906,413.94000244140625
2023-04-18,318.8599853515625,414.2099914550781
2023-04-19,318.7099914550781,414.1400146484375
2023-04-20,316.2799987792969,411.8800048828125
2023-04-21,316.6099853515625,412.20001220703125
2023-04-24,315.95001220703125,412.6300048828125
2023-04-25,309.989990234375,406.0799865722656
2023-04-26,311.8699951171875,404.3599853515625
2023-04-27,320.3500061035156,412.4100036621094
2023-04-28,322.55999755859375,415.92999267578125
2023-05-01,322.19000244140625,415.510009765625
2023-05-02,319.3800048828125,410.8399963378906
2023-05-03,317.2900085449219,408.0199890136719
2023-05-04,316.1700134277344,405.1300048828125
2023-05-05,322.8900146484375,412.6300048828125
2023-05-08,323.69000244140625,412.739990234375
2023-05-09,321.6400146484375,410.92999267578125
2023-05-10,325.1400146484375,412.8500061035156
2023-05-11,326.20001220703125,412.1300048828125
2023-05-12,325.0299987792969,411.5899963378906
2023-05-15,326.7900085449219,413.010009765625
2023-05-16,327.1600036621094,410.25
2023-05-17,331.1199951171875,415.2300109863281
2023-05-18,337.2699890136719,419.2300109863281
2023-05-19,336.510009765625,418.6199951171875
2023-05-22,337.6400146484375,418.7900085449219
2023-05-23,333.3599853515625,414.0899963378906
2023-05-24,331.6499938964844,411.0899963378906
2023-05-25,339.7200012207031,414.6499938964844
2023-05-26,348.3999938964844,420.0199890136719
2023-05-30,349.9800109863281,420.17999267578125
2023-05-31,347.989990234375,417.8500061035156
2023-06-01,352.010009765625,421.82000732421875
2023-06-02,354.6499938964844,427.9200134277344
2023-06-05,354.8999938964844,427.1000061035156
2023-06-06,354.8399963378906,428.0299987792969
2023-06-07,348.82000732421875,426.54998779296875
2023-06-08,353.1499938964844,429.1300048828125
2023-06-09,354.5,429.8999938964844
2023-06-12,360.489990234375,433.79998779296875
2023-06-13,363.260009765625,436.6600036621094
2023-06-14,365.8999938964844,437.17999267578125
2023-06-15,370.260009765625,442.6000061035156
2023-06-16,367.92999267578125,439.4599914550781
2023-06-20,366.8999938964844,437.17999267578125
2023-06-21,361.8999938964844,434.94000244140625
2023-06-22,366.1700134277344,436.510009765625
2023-06-23,362.5400085449219,433.2099914550781
2023-06-26,357.67999267578125,431.44000244140625
2023-06-27,363.8299865722656,436.1700134277344
2023-06-28,364.5400085449219,436.3900146484375
2023-06-29,363.80999755859375,438.1099853515625
2023-06-30,369.4200134277344,443.2799987792969
2023-07-03,370.2900085449219,443.7900085449219
2023-07-05,370.2799987792969,443.1300048828125
2023-07-06,367.4599914550781,439.6600036621094
2023-07-07,366.239990234375,438.54998779296875
2023-07-10,366.3599853515625,439.6600036621094
2023-07-11,368.1700134277344,442.4599914550781
2023-07-12,372.82000732421875,446.0199890136719
2023-07-13,379.1499938964844,449.55999755859375
2023-07-14,379.07000732421875,449.2799987792969
2023-07-17,382.6099853515625,450.8399963378906
2023-07-18,385.739990234375,454.19000244140625
2023-07-19,385.6499938964844,455.20001220703125
2023-07-20,376.760009765625,452.17999267578125
2023-07-21,375.6300048828125,452.17999267578125
2023-07-24,376.2300109863281,454.20001220703125
2023-07-25,378.7799987792969,455.44000244140625
2023-07-26,377.5199890136719,455.510009765625
2023-07-27,376.6199951171875,452.489990234375
2023-07-28,383.4800109863281,456.9200134277344
2023-07-31,383.67999267578125,457.7900085449219
2023-08-01,382.7900085449219,456.4800109863281
2023-08-02,374.3900146484375,450.1300048828125
2023-08-03,373.7900085449219,448.8399963378906
2023-08-04,372.0400085449219,446.80999755859375
2023-08-07,375.19000244140625,450.7099914550781
2023-08-08,372.0,448.75
2023-08-09,367.9100036621094,445.75
2023-08-10,368.5899963378906,445.9100036621094
2023-08-11,366.239990234375,445.6499938964844
2023-08-14,370.3500061035156,448.1099853515625
2023-08-15,366.4200134277344,442.8900146484375
2023-08-16,362.5400085449219,439.6400146484375
2023-08-17,358.5799865722656,436.2900085449219
2023-08-18,358.1300048828125,436.5
2023-08-21,363.8999938964844,439.3399963378906
2023-08-22,363.3800048828125,438.1499938964844
2023-08-23,369.1099853515625,443.0299987792969
2023-08-24,361.2200012207031,436.8900146484375
2023-08-25,364.0199890136719,439.9700012207031
2023-08-28,366.760009765625,442.760009765625
2023-08-29,374.7699890136719,449.1600036621094
2023-08-30,376.8599853515625,451.010009765625
2023-08-31,377.989990234375,450.3500061035156
2023-09-01,377.5899963378906,451.19000244140625
2023-09-05,378.07000732421875,449.239990234375
2023-09-06,374.739990234375,446.2200012207031
2023-09-07,372.05999755859375,444.8500061035156
2023-09-08,372.5799865722656,445.5199890136719
2023-09-11,376.9700012207031,448.45001220703125
2023-09-12,372.7900085449219,445.989990234375
2023-09-13,374.2099914550781,446.510009765625
2023-09-14,377.2699890136719,450.3599853515625
2023-09-15,370.80999755859375,443.3699951171875
2023-09-18,370.6600036621094,443.6300048828125
2023-09-19,369.8699951171875,442.7099914550781
2023-09-20,364.5400085449219,438.6400146484375
2023-09-21,357.8599853515625,431.3900146484375
2023-09-22,357.9100036621094,430.4200134277344
2023-09-25,359.6099853515625,432.2300109863281
2023-09-26,354.2099914550781,425.8800048828125
2023-09-27,355.0400085449219,426.04998779296875
2023-09-28,358.010009765625,428.5199890136719
2023-09-29,358.2699890136719,427.4800109863281
2023-10-02,361.260009765625,427.30999755859375
2023-10-03,354.9200134277344,421.5899963378906
2023-10-04,359.75,424.6600036621094
2023-10-05,358.69000244140625,424.5
2023-10-06,364.70001220703125,429.5400085449219
2023-10-09,366.55999755859375,432.2900085449219
2023-10-10,368.5899963378906,434.5400085449219
2023-10-11,371.2200012207031,436.32000732421875
2023-10-12,369.92999267578125,433.6600036621094
2023-10-13,365.2799987792969,431.5
2023-10-16,369.4100036621094,436.0400085449219
2023-10-17,368.20001220703125,436.0199890136719
2023-10-18,363.3699951171875,430.2099914550781
2023-10-19,359.9700012207031,426.42999267578125
2023-10-20,354.6000061035156,421.19000244140625
2023-10-23,355.6700134277344,420.4599914550781
2023-10-24,359.1300048828125,423.6300048828125
2023-10-25,350.3399963378906,417.54998779296875
2023-10-26,343.6600036621094,412.54998779296875
2023-10-27,345.30999755859375,410.67999267578125
2023-10-30,349.20001220703125,415.5899963378906
2023-10-31,350.8699951171875,418.20001220703125
2023-11-01,356.9599914550781,422.6600036621094
2023-11-02,363.44000244140625,430.760009765625
2023-11-03,367.7099914550781,434.69000244140625
2023-11-06,369.2099914550781,435.69000244140625
2023-11-07,372.70001220703125,436.92999267578125
2023-11-08,372.94000244140625,437.25
2023-11-09,370.07000732421875,433.8399963378906
2023-11-10,378.3900146484375,440.6099853515625
2023-11-13,377.2099914550781,440.19000244140625
2023-11-14,385.3299865722656,448.7300109863281
2023-11-15,385.6199951171875,449.67999267578125
2023-11-16,385.95001220703125,450.2300109863281
2023-11-17,386.0400085449219,450.7900085449219
2023-11-20,390.739990234375,454.260009765625
2023-11-21,388.4700012207031,453.2699890136719
2023-11-22,390.05999755859375,455.0199890136719
2023-11-24,389.510009765625,455.29998779296875
2023-11-27,389.1700134277344,454.4800109863281
2023-11-28,390.19000244140625,454.92999267578125
2023-11-29,389.80999755859375,454.6099853515625
2023-11-30,388.8299865722656,456.3999938964844
2023-12-01,389.94000244140625,459.1000061035156
2023-12-04,386.32000732421875,456.69000244140625
2023-12-05,387.2900085449219,456.6000061035156
2023-12-06,385.04998779296875,454.760009765625
2023-12-07,390.42999267578125,458.2300109863281
2023-12-08,392.1700134277344,460.20001220703125
2023-12-11,395.5199890136719,461.989990234375
2023-12-12,398.6700134277344,464.1000061035156
2023-12-13,403.739990234375,470.5
2023-12-14,403.3900146484375,472.010009765625
2023-12-15,405.3399963378906,469.3299865722656
2023-12-18,407.0799865722656,471.9700012207031
2023-12-19,409.1600036621094,474.8399963378906
2023-12-20,403.0799865722656,468.260009765625
2023-12-21,407.7699890136719,472.70001220703125
2023-12-22,408.3800048828125,473.6499938964844
2023-12-26,410.8800048828125,475.6499938964844
2023-12-27,411.5,476.510009765625
2023-12-28,411.29998779296875,476.69000244140625
2023-12-29,409.5199890136719,475.30999755859375
2024-01-02,402.5899963378906,472.6499938964844
2024-01-03,398.3299865722656,468.7900085449219
2024-01-04,396.2799987792969,467.2799987792969
2024-01-05,396.75,467.9200134277344
2024-01-08,404.95001220703125,474.6000061035156
2024-01-09,405.75,473.8800048828125
2024-01-10,408.5,476.55999755859375
2024-01-11,409.3500061035156,476.3500061035156
2024-01-12,409.55999755859375,476.67999267578125
2024-01-16,409.5199890136719,474.92999267578125
2024-01-17,407.2099914550781,472.2900085449219
2024-01-18,412.989990234375,476.489990234375
2024-01-19,421.17999267578125,482.42999267578125
2024-01-22,421.7300109863281,483.45001220703125
2024-01-23,423.4800109863281,484.8599853515625
2024-01-24,425.8299865722656,485.3900146484375
2024-01-25,426.3500061035156,488.0299987792969
2024-01-26,423.80999755859375,487.4100036621094
2024-01-29,428.1499938964844,491.2699890136719
2024-01-30,425.29998779296875,490.8900146484375
2024-01-31,416.9700012207031,482.8800048828125
2024-02-01,421.8800048828125,489.20001220703125
2024-02-02,429.010009765625,494.3500061035156
2024-02-05,428.45001220703125,492.54998779296875
2024-02-06,427.5899963378906,493.9800109863281
2024-02-07,431.989990234375,498.1000061035156
2024-02-08,432.7900085449219,498.32000732421875
2024-02-09,437.04998779296875,501.20001220703125
2024-02-12,435.3399963378906,500.9800109863281
2024-02-13,428.54998779296875,494.0799865722656
2024-02-14,433.2200012207031,498.57000732421875
2024-02-15,434.510009765625,502.010009765625
2024-02-16,430.57000732421875,499.510009765625
2024-02-20,427.32000732421875,496.760009765625
2024-02-21,425.6099853515625,497.2099914550781
2024-02-22,438.07000732421875,507.5
2024-02-23,436.7799987792969,507.8500061035156
2024-02-26,436.54998779296875,505.989990234375
2024-02-27,437.6000061035156,506.92999267578125
2024-02-28,435.2699890136719,506.260009765625
2024-02-29,439.0,508.0799865722656
2024-03-01,445.6099853515625,512.8499755859375
2024-03-04,444.0199890136719,512.2999877929688
2024-03-05,436.04998779296875,507.17999267578125
2024-03-06,438.7900085449219,509.75
2024-03-07,445.45001220703125,514.8099975585938
2024-03-08,439.0199890136719,511.7200012207031
2024-03-11,437.3900146484375,511.2799987792969
2024-03-12,443.6600036621094,516.780029296875
2024-03-13,440.25,515.969970703125
2024-03-14,439.1400146484375,514.9500122070312
2024-03-15,433.9200134277344,509.8299865722656
2024-03-18,437.4800109863281,512.8599853515625
2024-03-19,438.57000732421875,515.7100219726562
2024-03-20,443.7699890136719,520.47998046875
2024-03-21,445.8699951171875,522.2000122070312
2024-03-22,446.3800048828125,521.2100219726562
2024-03-25,444.760009765625,519.77001953125
2024-03-26,443.32000732421875,518.8099975585938
2024-03-27,444.8299865722656,523.1699829101562
2024-03-28,444.010009765625,523.0700073242188
2024-04-01,444.95001220703125,522.1599731445312
2024-04-02,441.1099853515625,518.8400268554688
2024-04-03,442.1000061035156,519.4099731445312
2024-04-04,435.3399963378906,513.0700073242188
2024-04-05,440.4700012207031,518.4299926757812
2024-04-08,440.6000061035156,518.719970703125
2024-04-09,442.2300109863281,519.3200073242188
2024-04-10,438.3699951171875,514.1199951171875
2024-04-11,445.3699951171875,518.0
2024-04-12,438.2699890136719,510.8500061035156
2024-04-15,431.05999755859375,504.45001220703125
2024-04-16,431.1000061035156,503.5299987792969
2024-04-17,425.8399963378906,500.54998779296875
2024-04-18,423.4100036621094,499.5199890136719
2024-04-19,414.6499938964844,495.1600036621094
2024-04-22,418.82000732421875,499.7200012207031
2024-04-23,425.07000732421875,505.6499938964844
2024-04-24,426.510009765625,505.4100036621094
2024-04-25,424.45001220703125,503.489990234375
2024-04-26,431.0,508.260009765625
2024-04-29,432.75,510.05999755859375
2024-04-30,424.5899963378906,501.9800109863281
2024-05-01,421.5199890136719,500.3500061035156
2024-05-02,426.8999938964844,505.0299987792969
2024-05-03,435.4800109863281,511.2900085449219
2024-05-06,440.25,516.5700073242188
2024-05-07,440.32000732421875,517.1400146484375
2024-05-08,440.05999755859375,517.1900024414062
2024-05-09,441.0199890136719,520.1699829101562
2024-05-10,442.05999755859375,520.8400268554688
2024-05-13,443.0799865722656,520.9099731445312
2024-05-14,445.92999267578125,523.2999877929688
2024-05-15,452.8999938964844,529.780029296875
2024-05-16,451.9800109863281,528.6900024414062
2024-05-17,451.760009765625,529.4500122070312
2024-05-20,454.9100036621094,530.0599975585938
2024-05-21,455.79998779296875,531.3599853515625
2024-05-22,455.7099914550781,529.8300170898438
2024-05-23,453.6600036621094,525.9600219726562
2024-05-24,457.95001220703125,529.4400024414062
2024-05-28,459.67999267578125,529.8099975585938
2024-05-29,456.44000244140625,526.0999755859375
2024-05-30,451.54998779296875,522.6099853515625
2024-05-31,450.7099914550781,527.3699951171875
2024-06-03,453.1300048828125,527.7999877929688
2024-06-04,454.3699951171875,528.3900146484375
2024-06-05,463.5299987792969,534.6699829101562
2024-06-06,463.3699951171875,534.6599731445312
2024-06-07,462.9599914550781,534.010009765625
2024-06-10,464.8299865722656,535.6599731445312
2024-06-11,468.0199890136719,536.9500122070312
2024-06-12,474.1499938964844,541.3599853515625
2024-06-13,476.7200012207031,542.4500122070312
2024-06-14,479.19000244140625,542.780029296875
2024-06-17,485.05999755859375,547.0999755859375
2024-06-18,485.2099914550781,548.489990234375
2024-06-20,481.4700012207031,547.0
2024-06-21,480.17999267578125,544.510009765625
2024-06-24,473.9599914550781,542.739990234375
2024-06-25,479.3800048828125,544.8300170898438
2024-06-26,480.3699951171875,545.510009765625
2024-06-27,481.6099853515625,546.3699951171875
2024-06-28,479.1099853515625,544.219970703125
2024-07-01,481.9200134277344,545.3400268554688
2024-07-02,486.9800109863281,549.010009765625
2024-07-03,491.0400085449219,551.4600219726562
2024-07-05,496.1600036621094,554.6400146484375
2024-07-08,497.3399963378906,555.280029296875
2024-07-09,497.7699890136719,555.8200073242188
2024-07-10,502.9599914550781,561.3200073242188
2024-07-11,491.92999267578125,556.47998046875
2024-07-12,494.82000732421875,559.989990234375
2024-07-15,496.1499938964844,561.530029296875
2024-07-16,496.3399963378906,564.8599853515625
2024-07-17,481.7699890136719,556.9400024414062
2024-07-18,479.489990234375,552.6599731445312
2024-07-19,475.239990234375,548.989990234375
2024-07-22,482.32000732421875,554.6500244140625
2024-07-23,480.6199951171875,553.780029296875
2024-07-24,463.3800048828125,541.22998046875
2024-07-25,458.2699890136719,538.4099731445312
2024-07-26,462.9700012207031,544.4400024414062
2024-07-29,463.8999938964844,544.760009765625
2024-07-30,457.5299987792969,542.0
2024-07-31,471.07000732421875,550.8099975585938
2024-08-01,459.6600036621094,543.010009765625
2024-08-02,448.75,532.9000244140625
2024-08-05,435.3699951171875,517.3800048828125
2024-08-06,439.5299987792969,522.1500244140625
2024-08-07,434.7699890136719,518.6599731445312
2024-08-08,448.07000732421875,530.6500244140625
2024-08-09,450.4100036621094,532.989990234375
2024-08-12,451.3800048828125,533.27001953125
2024-08-13,462.5799865722656,542.0399780273438
2024-08-14,462.7300109863281,543.75
2024-08-15,474.4200134277344,553.0700073242188
2024-08-16,475.0299987792969,554.3099975585938
2024-08-19,481.2699890136719,559.6099853515625
2024-08-20,480.260009765625,558.7000122070312
2024-08-21,482.5,560.6199951171875
2024-08-22,474.8500061035156,556.219970703125
2024-08-23,480.0,562.1300048828125
2024-08-26,475.3399963378906,560.7899780273438
2024-08-27,476.760009765625,561.5599975585938
2024-08-28,471.3500061035156,558.2999877929688
2024-08-29,470.6600036621094,558.3499755859375
2024-08-30,476.2699890136719,563.6799926757812
2024-09-03,461.80999755859375,552.0800170898438
2024-09-04,460.6099853515625,550.9500122070312
2024-09-05,461.0400085449219,549.6099853515625
2024-09-06,448.69000244140625,540.3599853515625
2024-09-09,454.4599914550781,546.4099731445312
2024-09-10,458.6600036621094,548.7899780273438
2024-09-11,468.6199951171875,554.4199829101562
2024-09-12,473.2200012207031,559.0900268554688
2024-09-13,475.3399963378906,562.010009765625
2024-09-16,473.239990234375,562.8400268554688
2024-09-17,473.489990234375,563.0700073242188
2024-09-18,471.44000244140625,561.4000244140625
2024-09-19,483.3599853515625,570.97998046875
2024-09-20,482.44000244140625,568.25
2024-09-23,483.0400085449219,569.6699829101562
2024-09-24,485.3699951171875,571.2999877929688
2024-09-25,485.82000732421875,570.0399780273438
2024-09-26,489.4700012207031,572.2999877929688
2024-09-27,486.75,571.469970703125
2024-09-30,488.07000732421875,573.760009765625
2024-10-01,481.2699890136719,568.6199951171875
2024-10-02,481.95001220703125,568.8599853515625
2024-10-03,481.5899963378906,567.8200073242188
2024-10-04,487.32000732421875,572.97998046875
2024-10-07,482.1000061035156,567.7999877929688
2024-10-08,489.29998779296875,573.1699829101562
2024-10-09,493.1499938964844,577.1400146484375
2024-10-10,492.5899963378906,576.1300048828125
2024-10-11,493.3599853515625,579.5800170898438
2024-10-14,497.5,584.3200073242188
2024-10-15,490.8500061035156,579.780029296875
2024-10-16,490.9100036621094,582.2999877929688
2024-10-17,491.25,582.3499755859375
2024-10-18,494.4700012207031,584.5900268554688
2024-10-21,495.4200134277344,583.6300048828125
2024-10-22,495.9599914550781,583.3200073242188
2024-10-23,488.3599853515625,577.989990234375
2024-10-24,492.32000732421875,579.239990234375
2024-10-25,495.32000732421875,579.0399780273438
2024-10-28,495.3999938964844,580.8300170898438
2024-10-29,500.1600036621094,581.77001953125
2024-10-30,496.3800048828125,580.010009765625
2024-10-31,483.8500061035156,568.6400146484375
2024-11-01,487.42999267578125,571.0399780273438
2024-11-04,486.010009765625,569.8099975585938
2024-11-05,492.2099914550781,576.7000122070312
2024-11-06,505.5799865722656,591.0399780273438
2024-11-07,513.5399780273438,595.6099853515625
2024-11-08,514.1400146484375,598.1900024414062
2024-11-11,513.8400268554688,598.760009765625
2024-11-12,512.9099731445312,596.9000244140625
2024-11-13,512.25,597.1900024414062
2024-11-14,508.69000244140625,593.3499755859375
2024-11-15,496.57000732421875,585.75
2024-11-18,500.0199890136719,588.1500244140625
2024-11-19,503.4599914550781,590.2999877929688
2024-11-20,503.1700134277344,590.5
2024-11-21,504.9800109863281,593.6699829101562
2024-11-22,505.7900085449219,595.510009765625
2024-11-25,506.5899963378906,597.530029296875
2024-11-26,509.30999755859375,600.6500244140625
2024-11-27,505.29998779296875,598.8300170898438
2024-11-29,509.739990234375,602.5499877929688
2024-12-02,515.2899780273438,603.6300048828125
2024-12-03,516.8699951171875,603.9099731445312
2024-12-04,523.260009765625,607.6599731445312
2024-12-05,521.8099975585938,606.6599731445312
2024-12-06,526.47998046875,607.8099975585938
2024-12-09,522.3800048828125,604.6799926757812
2024-12-10,520.5999755859375,602.7999877929688
2024-12-11,529.9199829101562,607.4600219726562
2024-12-12,526.5,604.3300170898438
2024-12-13,530.530029296875,604.2100219726562
2024-12-16,538.1699829101562,606.7899780273438
2024-12-17,535.7999877929688,604.2899780273438
2024-12-18,516.469970703125,586.280029296875
2024-12-19,514.1699829101562,586.0999755859375
2024-12-20,518.6599731445312,591.1500244140625
2024-12-23,522.8699951171875,594.6900024414062
2024-12-24,529.9600219726562,601.2999877929688
2024-12-26,529.5999755859375,601.3400268554688
2024-12-27,522.5599975585938,595.010009765625
2024-12-30,515.6099853515625,588.219970703125
2024-12-31,511.2300109863281,586.0800170898438
2025-01-02,510.2300109863281,584.6400146484375
2025-01-03,518.5800170898438,591.9500122070312
2025-01-06,524.5399780273438,595.3599853515625
2025-01-07,515.1799926757812,588.6300048828125
2025-01-08,515.27001953125,589.489990234375
2025-01-10,507.19000244140625,580.489990234375
2025-01-13,505.55999755859375,581.3900146484375
2025-01-14,505.0799865722656,582.1900024414062
2025-01-15,516.7000122070312,592.780029296875
2025-01-16,513.0800170898438,591.6400146484375
2025-01-17,521.739990234375,597.5800170898438
2025-01-21,524.7999877929688,603.0499877929688
2025-01-22,531.510009765625,606.4400024414062
2025-01-23,532.6400146484375,609.75
2025-01-24,529.6300048828125,607.969970703125
2025-01-27,514.2100219726562,599.3699951171875
2025-01-28,521.8099975585938,604.52001953125
2025-01-29,520.8300170898438,601.8099975585938
2025-01-30,523.0499877929688,605.0399780273438
2025-01-31,522.2899780273438,601.8200073242188
2025-02-03,518.1099853515625,597.77001953125
2025-02-04,524.469970703125,601.780029296875
2025-02-05,526.8499755859375,604.219970703125
2025-02-06,529.5999755859375,606.3200073242188
2025-02-07,522.9199829101562,600.77001953125
2025-02-10,529.25,604.8499755859375
2025-02-11,527.989990234375,605.3099975585938
2025-02-12,528.2999877929688,603.3599853515625
2025-02-13,535.9000244140625,609.72998046875
2025-02-14,538.1500244140625,609.7000122070312
2025-02-18,539.3699951171875,611.489990234375
2025-02-19,539.52001953125,612.9299926757812
2025-02-20,537.22998046875,610.3800048828125
2025-02-21,526.0800170898438,599.9400024414062
2025-02-24,519.8699951171875,597.2100219726562
2025-02-25,513.3200073242188,594.239990234375
2025-02-26,514.5599975585938,594.5399780273438
2025-02-27,500.2699890136719,585.0499877929688
2025-02-28,508.1700134277344,594.1799926757812
2025-03-03,497.04998779296875,583.77001953125
2025-03-04,495.54998779296875,576.8599853515625
2025-03-05,502.010009765625,583.0599975585938
2025-03-06,488.20001220703125,572.7100219726562
2025-03-07,491.7900085449219,575.9199829101562
2025-03-10,472.7300109863281,560.5800170898438
2025-03-11,471.6000061035156,555.9199829101562
2025-03-12,476.9200134277344,558.8699951171875
2025-03-13,468.3399963378906,551.4199829101562
2025-03-14,479.6600036621094,562.8099975585938
2025-03-17,482.7699890136719,567.1500244140625
2025-03-18,474.5400085449219,561.02001953125
2025-03-19,480.8900146484375,567.1300048828125
2025-03-20,479.260009765625,565.489990234375
2025-03-21,480.8399963378906,563.97998046875
2025-03-24,490.6600036621094,574.0800170898438
2025-03-25,493.4599914550781,575.4600219726562
2025-03-26,484.3800048828125,568.5900268554688
2025-03-27,481.6199951171875,567.0800170898438
2025-03-28,468.94000244140625,555.6599731445312
2025-03-31,468.9200134277344,559.3900146484375
2025-04-01,472.70001220703125,560.969970703125
2025-04-02,476.1499938964844,564.52001953125
2025-04-03,450.6600036621094,536.7000122070312
2025-04-04,422.6700134277344,505.2799987792969
2025-04-07,423.69000244140625,504.3800048828125
2025-04-08,416.05999755859375,496.4800109863281
2025-04-09,466.0,548.6199951171875
2025-04-10,446.17999267578125,524.5800170898438
2025-04-11,454.3999938964844,533.9400024414062
2025-04-14,457.4800109863281,539.1199951171875
2025-04-15,457.989990234375,537.6099853515625
2025-04-16,444.17999267578125,525.6599731445312
2025-04-17,444.1000061035156,526.4099731445312
2025-04-21,433.1099853515625,513.8800048828125
2025-04-22,444.4800109863281,527.25
2025-04-23,454.55999755859375,535.4199829101562
2025-04-24,467.3500061035156,546.6900024414062
2025-04-25,472.55999755859375,550.6400146484375
2025-04-28,472.4100036621094,550.8499755859375
2025-04-29,475.5299987792969,554.3200073242188
2025-04-30,475.4700012207031,554.5399780273438
2025-05-01,481.67999267578125,558.469970703125
2025-05-02,488.8299865722656,566.760009765625
2025-05-05,485.92999267578125,563.510009765625
2025-05-06,481.4100036621094,558.7999877929688
2025-05-07,483.29998779296875,561.1500244140625
2025-05-08,488.2900085449219,565.0599975585938
2025-05-09,487.9700012207031,564.3400268554688
2025-05-12,507.8500061035156,582.989990234375
2025-05-13,515.5900268554688,586.8400268554688
2025-05-14,518.6799926757812,587.5900268554688
2025-05-15,519.25,590.4600219726562
2025-05-16,521.510009765625,594.2000122070312
2025-05-19,522.010009765625,594.8499755859375
2025-05-20,520.27001953125,592.8499755859375
2025-05-21,513.0399780273438,582.8599853515625
2025-05-22,514.0,583.0900268554688
2025-05-23,509.239990234375,579.1099853515625
2025-05-27,521.219970703125,591.1500244140625
2025-05-28,518.9099731445312,587.72998046875
2025-05-29,519.9299926757812,590.0499877929688
2025-05-30,519.1099853515625,589.3900146484375
2025-06-02,523.2100219726562,592.7100219726562
2025-06-03,527.2999877929688,596.0900268554688
2025-06-04,528.77001953125,595.9299926757812
2025-06-05,524.7899780273438,593.0499877929688
2025-06-06,529.9199829101562,599.1400146484375
2025-06-09,530.7000122070312,599.6799926757812
2025-06-10,534.2100219726562,603.0800170898438
2025-06-11,532.4099731445312,601.3599853515625
2025-06-12,533.6599731445312,603.75
2025-06-13,526.9600219726562,597.0
2025-06-16,534.2899780273438,602.6799926757812
2025-06-17,529.0800170898438,597.530029296875
2025-06-18,528.989990234375,597.4400024414062
2025-06-20,526.8300170898438,594.280029296875
2025-06-23,531.6500244140625,600.1500244140625
2025-06-24,539.780029296875,606.780029296875
2025-06-25,541.1599731445312,607.1199951171875
2025-06-26,546.219970703125,611.8699951171875
2025-06-27,548.0900268554688,614.9099731445312
2025-06-30,551.6400146484375,617.8499755859375
2025-07-01,546.989990234375,617.6500244140625
2025-07-02,550.7999877929688,620.4500122070312
2025-07-03,556.219970703125,625.3400268554688
2025-07-07,552.030029296875,620.6799926757812
2025-07-08,552.3400268554688,620.3400268554688
2025-07-09,556.25,624.0599975585938
2025-07-10,555.4500122070312,625.8200073242188
2025-07-11,554.2000122070312,623.6199951171875
2025-07-14,556.2100219726562,624.8099975585938
2025-07-15,556.719970703125,622.1400146484375
2025-07-16,557.2899780273438,624.219970703125
2025-07-17,561.7999877929688,628.0399780273438
2025-07-18,561.260009765625,627.5800170898438
2025-07-21,564.1699829101562,628.77001953125
2025-07-22,561.25,628.8599853515625
2025-07-23,563.8099975585938,634.2100219726562
2025-07-24,565.010009765625,634.4199829101562
2025-07-25,566.3699951171875,637.0999755859375
2025-07-28,568.1400146484375,636.9400024414062
2025-07-29,567.260009765625,635.260009765625
2025-07-30,568.02001953125,634.4600219726562
2025-07-31,565.010009765625,632.0800170898438
2025-08-01,553.8800048828125,621.719970703125
2025-08-04,564.0999755859375,631.1699829101562
2025-08-05,560.27001953125,627.969970703125
2025-08-06,567.3200073242188,632.780029296875
2025-08-07,569.239990234375,632.25
2025-08-08,574.5499877929688,637.1799926757812
2025-08-11,572.8499755859375,635.9199829101562
2025-08-12,580.0499877929688,642.6900024414062
2025-08-13,580.3400268554688,644.8900146484375
2025-08-14,579.8900146484375,644.9500122070312
2025-08-15,577.3400268554688,643.4400024414062
2025-08-18,577.1099853515625,643.2999877929688
2025-08-19,569.280029296875,639.8099975585938
2025-08-20,565.9000244140625,638.1099853515625
2025-08-21,563.280029296875,635.5499877929688
2025-08-22,571.969970703125,645.3099975585938
2025-08-25,570.3200073242188,642.469970703125
2025-08-26,572.6099853515625,645.1599731445312
2025-08-27,573.489990234375,646.6300048828125
2025-08-28,577.0800170898438,648.9199829101562
2025-08-29,570.4000244140625,645.0499877929688
2025-09-02,565.6199951171875,640.27001953125
2025-09-03,570.0700073242188,643.739990234375
2025-09-04,575.22998046875,649.1199951171875
2025-09-05,576.0599975585938,647.239990234375
2025-09-08,578.8699951171875,648.8300170898438
2025-09-09,580.510009765625,650.3300170898438
2025-09-10,580.7000122070312,652.2100219726562
2025-09-11,584.0800170898438,657.6300048828125
2025-09-12,586.6599731445312,657.4099731445312
2025-09-15,591.6799926757812,660.9099731445312
2025-09-16,591.1799926757812,660.0
2025-09-17,590.0,659.1799926757812
2025-09-18,595.3200073242188,662.260009765625
2025-09-19,599.3499755859375,663.7000122070312
2025-09-22,602.2000122070312,666.8400268554688
2025-09-23,598.2000122070312,663.2100219726562
2025-09-24,596.0999755859375,661.0999755859375
2025-09-25,593.530029296875,658.0499877929688
2025-09-26,595.969970703125,661.8200073242188
2025-09-29,598.72998046875,663.6799926757812
2025-09-30,600.3699951171875,666.1799926757812
2025-10-01,603.25,668.4500122070312
2025-10-02,605.72998046875,669.219970703125
2025-10-03,603.1799926757812,669.2100219726562
2025-10-06,607.7100219726562,671.6099853515625
2025-10-07,604.510009765625,669.1199951171875
2025-10-08,611.4400024414062,673.1099853515625
2025-10-09,610.7000122070312,671.1599731445312
2025-10-10,589.5,653.02001953125
2025-10-13,602.010009765625,663.0399780273438
2025-10-14,598.0,662.22998046875
2025-10-15,602.219970703125,665.1699829101562
2025-10-16,599.989990234375,660.6400146484375
2025-10-17,603.9299926757812,664.3900146484375
2025-10-20,611.5399780273438,671.2999877929688
2025-10-21,611.3800048828125,671.2899780273438
2025-10-22,605.489990234375,667.7999877929688
2025-10-23,610.5800170898438,671.760009765625
2025-10-24,617.0999755859375,677.25
2025-10-27,628.0900268554688,685.239990234375
2025-10-28,632.9199829101562,687.0599975585938
2025-10-29,635.77001953125,687.3900146484375
2025-10-30,626.0499877929688,679.8300170898438
2025-10-31,629.0700073242188,682.0599975585938
2025-11-03,632.0800170898438,683.3400268554688
2025-11-04,619.25,675.239990234375
2025-11-05,623.280029296875,677.5800170898438
2025-11-06,611.6699829101562,670.3099975585938
2025-11-07,609.739990234375,670.969970703125
2025-11-10,623.22998046875,681.4400024414062
2025-11-11,621.5700073242188,683.0
2025-11-12,621.0800170898438,683.3800048828125
2025-11-13,608.4000244140625,672.0399780273438
2025-11-14,608.8599853515625,671.9299926757812
2025-11-17,603.6599731445312,665.6699829101562
2025-11-18,596.3099975585938,660.0800170898438
2025-11-19,599.8699951171875,662.6300048828125
2025-11-20,585.6699829101562,652.530029296875
2025-11-21,590.0700073242188,659.030029296875
2025-11-24,605.1599731445312,668.72998046875
2025-11-25,608.8900146484375,675.02001953125
2025-11-26,614.27001953125,679.6799926757812
2025-11-28,619.25,683.3900146484375
2025-12-01,617.1699829101562,680.27001953125
2025-12-02,622.0,681.530029296875
2025-12-03,623.52001953125,683.8900146484375
2025-12-04,622.9400024414062,684.3900146484375
2025-12-05,625.47998046875,685.6900024414062
2025-12-08,624.280029296875,683.6300048828125
2025-12-09,625.0499877929688,683.0399780273438
2025-12-10,627.6099853515625,687.5700073242188
2025-12-11,625.5800170898438,689.1699829101562
2025-12-12,613.6199951171875,681.760009765625
2025-12-15,610.5399780273438,680.72998046875
2025-12-16,611.75,678.8699951171875
2025-12-17,600.4099731445312,671.4000244140625
2025-12-18,609.1099853515625,676.469970703125
2025-12-19,617.0499877929688,680.5900268554688
2025-12-22,619.2100219726562,684.8300170898438
2025-12-23,622.1099853515625,687.9600219726562
2025-12-24,623.9299926757812,690.3800048828125
2025-12-26,623.8900146484375,690.3099975585938
2025-12-29,620.8699951171875,687.8499755859375
2025-12-30,619.4299926757812,687.010009765625
2025-12-31,614.3099975585938,681.9199829101562
